Start Date,End Date,Progress,Duration (in seconds),Finished,Recorded Date,"Experiment tag (for example orenth04, provided by the researcher)",Year of birth (for example 1995),Gender,Height (cm),Weight (kg),How many years have you been in Singapore (Example: 2.5 = 2 years and 6 months)?,Can you say that you are used to the weather in Singapore?,Can you say that you are satisfied with the weather in Singapore (outdoor weather conditions)?,Do you suffer from sweating in Singapore?,Do you enjoy being outdoor in Singapore?,"What is your estimation of your time you spent outdoor (in hours per day) during the weekdays? 
(Example: 8 = 8 hours/day)","What is your estimation of your time spent outdoor (in hours per day) during the weekend? 
(Example: 8 = 8 hours/day)",Do you seem to be aware of subtleties in your environment?,"Are you easily overwhelmed by things like bright lights, strong smells, coarse fabrics, or sirens close by?","Do you have a rich, complex inner life?",Do you get rattled when you have a lot to do in a short amount of time?,Are you deeply moved by the arts or music?,Are you annoyed when people try to get you to do too many things at once?,Do you make a point to avoid violent movies and TV shows?,Do you find it unpleasant to have a lot going on at once?,Do changes in your life shake you up?,"Do you notice and enjoy delicate or fine scents, tastes, sounds, works of art?","Are you bothered by intense stimuli, like loud noises or chaotic scenes?","When you must compete or be observed while performing a task, do you become so nervous or shaky that you do much worse than you would otherwise?",In most ways my life is close to my ideal.,The conditions of my life are excellent.,I am satisfied with my life.,So far I have gotten the important things I want in life.,"If I could live my life over, I would change almost nothing.","Extraverted, enthusiastic","Critical, quarrelsome","Dependable, self-disciplined","Anxious, easily upset","Open to new experience, complex","Reserved, quiet","Sympathetic, warm","Disorganized, careless","Calm, emotionally stable","Conventional, unreactive","On an average work week, what types of spaces do you use and how many hours do you spend in each space? Please indicate the number of hours per work week in the text boxes below each space. (Example: Private office: 20, Home desk: 15) - Selected Choice","On an average work week, what types of spaces do you use and how many hours do you spend in each space? Please indicate the number of hours per work week in the text boxes below each space. (Example: Private office: 20, Home desk: 15) - Private office - Text","On an average work week, what types of spaces do you use and how many hours do you spend in each space? Please indicate the number of hours per work week in the text boxes below each space. (Example: Private office: 20, Home desk: 15) - Open-plan office - Text","On an average work week, what types of spaces do you use and how many hours do you spend in each space? Please indicate the number of hours per work week in the text boxes below each space. (Example: Private office: 20, Home desk: 15) - Cubicle office - Text","On an average work week, what types of spaces do you use and how many hours do you spend in each space? Please indicate the number of hours per work week in the text boxes below each space. (Example: Private office: 20, Home desk: 15) - Home desk - Text","On an average work week, what types of spaces do you use and how many hours do you spend in each space? Please indicate the number of hours per work week in the text boxes below each space. (Example: Private office: 20, Home desk: 15) - Classroom - Text","On an average work week, what types of spaces do you use and how many hours do you spend in each space? Please indicate the number of hours per work week in the text boxes below each space. (Example: Private office: 20, Home desk: 15) - Hot-desking office - Text","On an average work week, what types of spaces do you use and how many hours do you spend in each space? Please indicate the number of hours per work week in the text boxes below each space. (Example: Private office: 20, Home desk: 15) - Others (Type of space + hours/week) - Text","In the space type(s) you mentioned above, generally how satisfied are you with the noise level? (If you did not use a certain space type, indicate 'Not applicable') - Private office","In the space type(s) you mentioned above, generally how satisfied are you with the noise level? (If you did not use a certain space type, indicate 'Not applicable') - Open-plan office","In the space type(s) you mentioned above, generally how satisfied are you with the noise level? (If you did not use a certain space type, indicate 'Not applicable') - Cubicle office","In the space type(s) you mentioned above, generally how satisfied are you with the noise level? (If you did not use a certain space type, indicate 'Not applicable') - Home desk","In the space type(s) you mentioned above, generally how satisfied are you with the noise level? (If you did not use a certain space type, indicate 'Not applicable') - Classroom","In the space type(s) you mentioned above, generally how satisfied are you with the noise level? (If you did not use a certain space type, indicate 'Not applicable') - Hot-desking office","In the space type(s) you mentioned above, generally how satisfied are you with the noise level? (If you did not use a certain space type, indicate 'Not applicable') - Others (please indicate the type of space in the text box below)","In the space type(s) you mentioned above, generally how satisfied are you with the noise level? (If you did not use a certain space type, indicate 'Not applicable') - Others (please indicate the type of space in the text box below) - Text","In the space type(s) you mentioned above, generally  how satisfied are you with the sound privacy (ability to have conversations without your neighbours overhearing and vice versa)? (If you did not use a certain space type, indicate 'Not applicable') - Private office","In the space type(s) you mentioned above, generally  how satisfied are you with the sound privacy (ability to have conversations without your neighbours overhearing and vice versa)? (If you did not use a certain space type, indicate 'Not applicable') - Open-plan office","In the space type(s) you mentioned above, generally  how satisfied are you with the sound privacy (ability to have conversations without your neighbours overhearing and vice versa)? (If you did not use a certain space type, indicate 'Not applicable') - Cubicle office","In the space type(s) you mentioned above, generally  how satisfied are you with the sound privacy (ability to have conversations without your neighbours overhearing and vice versa)? (If you did not use a certain space type, indicate 'Not applicable') - Home desk","In the space type(s) you mentioned above, generally  how satisfied are you with the sound privacy (ability to have conversations without your neighbours overhearing and vice versa)? (If you did not use a certain space type, indicate 'Not applicable') - Classroom","In the space type(s) you mentioned above, generally  how satisfied are you with the sound privacy (ability to have conversations without your neighbours overhearing and vice versa)? (If you did not use a certain space type, indicate 'Not applicable') - Hot-desking office","In the space type(s) you mentioned above, generally  how satisfied are you with the sound privacy (ability to have conversations without your neighbours overhearing and vice versa)? (If you did not use a certain space type, indicate 'Not applicable') - Others","In the space type(s) you mentioned above, generally  how satisfied are you with the sound privacy (ability to have conversations without your neighbours overhearing and vice versa)? (If you did not use a certain space type, indicate 'Not applicable') - Others - Text","In the space type(s) you mentioned above, generally  satisfied are you with the temperature? (If you did not use a certain space type, indicate 'Not applicable') - Private office","In the space type(s) you mentioned above, generally  satisfied are you with the temperature? (If you did not use a certain space type, indicate 'Not applicable') - Open-plan office","In the space type(s) you mentioned above, generally  satisfied are you with the temperature? (If you did not use a certain space type, indicate 'Not applicable') - Cubicle office","In the space type(s) you mentioned above, generally  satisfied are you with the temperature? (If you did not use a certain space type, indicate 'Not applicable') - Home desk","In the space type(s) you mentioned above, generally  satisfied are you with the temperature? (If you did not use a certain space type, indicate 'Not applicable') - Classroom","In the space type(s) you mentioned above, generally  satisfied are you with the temperature? (If you did not use a certain space type, indicate 'Not applicable') - Hot-desking office","In the space type(s) you mentioned above, generally  satisfied are you with the temperature? (If you did not use a certain space type, indicate 'Not applicable') - Others","In the space type(s) you mentioned above, generally  satisfied are you with the temperature? (If you did not use a certain space type, indicate 'Not applicable') - Others - Text",Do you listen to music or radio (without headphones/earbuds) during work or class?,Do you use headphones/earbuds to listen to music?,Do you listen to music using headphones/earbuds when working or studying?,Are you sensitive to noise?,How important is a quiet work or study space to you?
10/10/22 11:36,10/10/22 11:42,100,400,True,10/10/22 11:42,Orenth01,1988,Female,170,73.0,35.0,Yes,Slightly dissatisfied,4,Yes,3.0,6.0,3,3,2,5,5,7 (Extremely),2,3,5,6,6,4,Neither agree nor disagree,Somewhat agree,Somewhat agree,Somewhat disagree,Somewhat agree,Neither agree nor disagree,Disagree,Somewhat disagree,Somewhat disagree,Somewhat agree,Somewhat agree,Agree,Somewhat agree,Agree,Strongly agree,Home desk,,,,25.0,15.0,,,Not applicable,Not applicable,Not applicable,Slightly satisfied,Moderately satisfied,Not applicable,Not applicable,,Not applicable,Not applicable,Not applicable,Moderately satisfied,Neither satisfied nor dissatisfied,Not applicable,Not applicable,,Not applicable,Not applicable,Not applicable,Slightly dissatisfied,Moderately satisfied,Not applicable,Not applicable,,Yes,No,Yes,Slightly,Extremely important
10/10/22 11:45,10/10/22 11:51,100,327,True,10/10/22 11:51,orenth02,1997,Male,180,54.0,6.0,Yes,Slightly dissatisfied,5(Always),No,2.0,3.0,5,4,6,6,6,7 (Extremely),1  (Not at All),4,4,5,4,4,Agree,5,Agree,Disagree,Strongly agree,Strongly agree,Agree,Neither agree nor disagree,Somewhat disagree,Agree,Agree,Somewhat agree,Disagree,Agree,Agree,"Private office,Classroom",,,,20.0,20.0,,,Not applicable,Not applicable,Not applicable,Slightly dissatisfied,Slightly satisfied,Not applicable,,,Not applicable,Not applicable,Not applicable,Moderately satisfied,Extremely satisfied,Not applicable,Not applicable,,Not applicable,Not applicable,Not applicable,Slightly dissatisfied,Moderately satisfied,Not applicable,Not applicable,,Yes,Yes,Yes,Slightly,Very important
10/10/22 12:51,10/10/22 12:55,100,211,True,10/10/22 12:55,Orenth03,2000,Female,170,63.0,22.0,Yes,Moderately dissatisfied,5(Always),No,2.0,1.0,4,3,2,6,6,6,2,5,6,5,3,6,Somewhat disagree,Neither agree nor disagree,Somewhat agree,Somewhat agree,Somewhat disagree,Disagree,Somewhat disagree,Somewhat disagree,Agree,Neither agree nor disagree,Agree,Agree,Somewhat agree,Somewhat disagree,Somewhat disagree,"Home desk,Others (Type of space + hours/week)",,,,45.0,,,Library; 10hrs/week,Not applicable,Not applicable,Not applicable,Moderately dissatisfied,Not applicable,Not applicable,Moderately satisfied,Library,Not applicable,Not applicable,Not applicable,Slightly satisfied,Not applicable,Not applicable,Slightly dissatisfied,Library,Not applicable,Not applicable,Not applicable,Extremely dissatisfied,Not applicable,Not applicable,Moderately satisfied,Library,Yes,Yes,Yes,Slightly,Moderately important
11/10/22 13:08,11/10/22 13:22,100,867,True,11/10/22 13:22,Orenth04,1994,Female,165,50.0,28.0,Yes,Extremely dissatisfied,4,No,1.0,2.0,4,7 (Extremely),5,6,6,5,2,5,5,6,7 (Extremely),5,Somewhat disagree,Somewhat agree,Neither agree nor disagree,Neither agree nor disagree,Disagree,Somewhat disagree,Disagree,Somewhat agree,Somewhat agree,Somewhat agree,Somewhat agree,Somewhat agree,Somewhat agree,Somewhat disagree,Neither agree nor disagree,"Home desk,Hot-desking office",,,,40.0,,"10
",,Not applicable,Not applicable,Not applicable,Slightly satisfied,Not applicable,Slightly satisfied,Not applicable,,Not applicable,Not applicable,Not applicable,Moderately satisfied,Not applicable,Slightly satisfied,Not applicable,,Not applicable,Not applicable,Not applicable,Slightly satisfied,Not applicable,Extremely satisfied,Not applicable,,Yes,Yes,Yes,Extremely,Moderately important
17/10/22 14:15,17/10/22 14:28,100,791,True,17/10/22 14:28,orenth05,1959,Female,158,51.0,63.0,Yes,Neither satisfied nor dissatisfied,3,No,2.0,2.0,4,4,4,4,4,5,4,6,4,3,5,5,Somewhat agree,Somewhat agree,Somewhat agree,Somewhat agree,Neither agree nor disagree,Neither agree nor disagree,Somewhat disagree,Somewhat agree,Somewhat agree,Somewhat agree,Neither agree nor disagree,Neither agree nor disagree,Somewhat agree,Somewhat agree,Neither agree nor disagree,Open-plan office,,40.0,,5.0,,,,Not applicable,Extremely satisfied,Not applicable,Extremely satisfied,Not applicable,Not applicable,Not applicable,,Not applicable,Extremely satisfied,Not applicable,Extremely satisfied,Not applicable,Not applicable,Not applicable,,Not applicable,Moderately satisfied,Not applicable,Moderately satisfied,Not applicable,Not applicable,Not applicable,,No,Yes,No,Moderately,Moderately important
17/10/22 14:55,17/10/22 15:07,100,714,True,17/10/22 15:07,Orenth06,1972,Male,170,104.0,50.0,Yes,Slightly dissatisfied,5(Always),Yes,4.0,6.0,4,3,5,4,3,5,3,4,3,3,3,5,Agree,Agree,Somewhat disagree,Agree,Agree,Somewhat agree,Disagree,Somewhat agree,Somewhat agree,Agree,Agree,Agree,Somewhat agree,Agree,Somewhat agree,Cubicle office,,,40.0,,,,,Not applicable,Not applicable,Neither satisfied nor dissatisfied,Not applicable,Not applicable,Not applicable,Not applicable,,Not applicable,Not applicable,Neither satisfied nor dissatisfied,Not applicable,Not applicable,Not applicable,Not applicable,,Not applicable,Not applicable,Moderately satisfied,Not applicable,Not applicable,Not applicable,Not applicable,,No,Yes,Yes,Slightly,Very important
17/10/22 16:09,17/10/22 16:15,100,370,True,17/10/22 16:15,orenth07,2000,Male,175,87.0,22.75,Yes,Moderately dissatisfied,5(Always),No,8.0,2.0,4,5,5,3,4,7 (Extremely),6,3,5,6,7 (Extremely),7 (Extremely),Somewhat disagree,Somewhat disagree,Disagree,Disagree,Disagree,Disagree,Agree,Agree,Strongly agree,Somewhat agree,Strongly agree,Agree,Strongly agree,Disagree,Disagree,"Home desk,Classroom",,,,25.0,10.0,,,Not applicable,Not applicable,Not applicable,Slightly dissatisfied,Slightly satisfied,Not applicable,Not applicable,,Not applicable,Not applicable,Not applicable,Slightly dissatisfied,Neither satisfied nor dissatisfied,Not applicable,Not applicable,,Not applicable,Not applicable,Not applicable,Slightly satisfied,Neither satisfied nor dissatisfied,Not applicable,Not applicable,,Yes,Yes,Yes,Extremely,Extremely important
18/10/22 12:53,18/10/22 13:01,100,486,True,18/10/22 13:01,orenth08,1998,Female,163,52.0,24.0,Yes,Slightly dissatisfied,3,No,4.0,4.0,3,4,1  (Not at All),6,5,7 (Extremely),4,6,5,4,5,5,Neither agree nor disagree,Neither agree nor disagree,Neither agree nor disagree,Agree,Somewhat disagree,Somewhat disagree,Neither agree nor disagree,Agree,Neither agree nor disagree,Somewhat agree,Agree,Agree,Disagree,Neither agree nor disagree,Neither agree nor disagree,Others (Type of space + hours/week),,,,,,,Lab;  40hours/week,Not applicable,Not applicable,Not applicable,Not applicable,Not applicable,Not applicable,Slightly satisfied,Lab,Not applicable,Not applicable,Not applicable,Not applicable,Not applicable,Not applicable,Neither satisfied nor dissatisfied,Lab,Not applicable,Not applicable,Not applicable,Not applicable,Not applicable,Not applicable,Moderately satisfied,Lab,Yes,Yes,Yes,Moderately,Moderately important
20/10/22 12:08,20/10/22 12:13,100,332,True,20/10/22 12:13,Orenth09,1999,Female,167,67.0,8.0,Yes,Moderately satisfied,4,Yes,6.0,4.0,5,6,6,7 (Extremely),6,7 (Extremely),1  (Not at All),4,6,7 (Extremely),7 (Extremely),2,Agree,Agree,Agree,Agree,Somewhat agree,Somewhat agree,Agree,Somewhat agree,Somewhat agree,Somewhat agree,Somewhat agree,Strongly agree,Somewhat disagree,Somewhat agree,Somewhat disagree,"Open-plan office,Classroom",,10.0,,,10.0,,,Not applicable,Slightly dissatisfied,Not applicable,Not applicable,Moderately satisfied,Not applicable,Not applicable,,Not applicable,Slightly satisfied,Not applicable,Not applicable,Slightly satisfied,Not applicable,Not applicable,,Not applicable,Slightly satisfied,Not applicable,Not applicable,Slightly satisfied,Not applicable,Not applicable,,No,Yes,Yes,Slightly,Moderately important
31/10/22 14:07,31/10/22 14:13,100,365,True,31/10/22 14:13,orenth11,1999,Male,174,63.0,22.0,Yes,Neither satisfied nor dissatisfied,3,Yes,3.0,5.0,4,4,3,3,4,4,2,3,4,4,4,3,Somewhat agree,Somewhat agree,Agree,Agree,Agree,Somewhat agree,Disagree,Somewhat agree,Disagree,Somewhat agree,Somewhat disagree,Agree,Disagree,Disagree,Disagree,"Home desk,Others (Type of space + hours/week)",,,,30.0,,,20,Not applicable,Not applicable,Not applicable,Extremely satisfied,Not applicable,Not applicable,Slightly satisfied,random study area in school ,Not applicable,Not applicable,Not applicable,Extremely satisfied,Not applicable,Not applicable,Moderately satisfied,,Not applicable,Not applicable,Not applicable,Slightly satisfied,Not applicable,Not applicable,Slightly satisfied,,Yes,No,Yes,Moderately,Very important
31/10/22 14:32,31/10/22 14:35,100,195,True,31/10/22 14:35,orenth10,2000,Female,159,38.0,22.0,Yes,Neither satisfied nor dissatisfied,2,Yes,3.0,3.0,7 (Extremely),6,4,5,6,7 (Extremely),4,7 (Extremely),7 (Extremely),6,7 (Extremely),6,Neither agree nor disagree,Neither agree nor disagree,Neither agree nor disagree,Somewhat agree,Disagree,Neither agree nor disagree,Somewhat agree,Strongly agree,Agree,Agree,Somewhat agree,Strongly agree,Strongly disagree,Somewhat disagree,Strongly agree,"Home desk,Classroom",,,,12.0,9.0,,,Not applicable,Not applicable,Not applicable,Moderately satisfied,Neither satisfied nor dissatisfied,Not applicable,Not applicable,,Not applicable,Not applicable,Not applicable,Moderately satisfied,Moderately satisfied,Not applicable,Not applicable,,Not applicable,Not applicable,Not applicable,Moderately satisfied,Moderately satisfied,Not applicable,Not applicable,,No,Yes,No,Extremely,Extremely important
31/10/22 14:48,31/10/22 14:59,100,660,True,31/10/22 14:59,Orenth12,1984,Male,181,74.0,38.0,Yes,Slightly dissatisfied,3,Yes,2.0,4.0,5,2,4,5,5,6,5,6,3,6,5,2,Agree,Agree,Somewhat agree,Somewhat agree,Disagree,Neither agree nor disagree,Disagree,Agree,Disagree,Agree,Somewhat agree,Agree,Neither agree nor disagree,Agree,Agree,"Private office,Home desk",10.0,,,40.0,,,,Moderately satisfied,Not applicable,Not applicable,Slightly satisfied,Not applicable,Not applicable,Not applicable,,Moderately dissatisfied,Not applicable,Not applicable,Moderately satisfied,Not applicable,Not applicable,Not applicable,,Slightly satisfied,Not applicable,Not applicable,Moderately satisfied,Not applicable,Not applicable,Not applicable,,No,No,No,Slightly,Very important
31/10/22 16:07,31/10/22 16:14,100,400,True,31/10/22 16:14,Orenth13,2000,Female,165,49.0,22.0,Yes,Slightly satisfied,4,Yes,1.0,3.0,5,2,4,5,6,7 (Extremely),6,7 (Extremely),6,4,3,5,Somewhat agree,Agree,Agree,Somewhat agree,Disagree,Disagree,Strongly disagree,Somewhat disagree,Somewhat agree,Disagree,Strongly agree,Somewhat agree,Somewhat agree,Somewhat agree,Strongly agree,"Home desk,Classroom",,,,20.0,16.0,,,Not applicable,Not applicable,Not applicable,Moderately satisfied,Moderately satisfied,Not applicable,Moderately satisfied,Library,Not applicable,Not applicable,Not applicable,Extremely satisfied,Moderately satisfied,Not applicable,Slightly dissatisfied,Library ,Not applicable,Not applicable,Not applicable,Moderately satisfied,Extremely satisfied,Not applicable,Moderately satisfied,Library,Yes,Yes,Yes,Moderately,Very important
31/10/22 16:25,31/10/22 16:33,100,483,True,31/10/22 16:33,Orenth14,1996,Male,176,53.0,25.0,Yes,Moderately dissatisfied,3,Yes,3.0,21.0,6,6,4,7 (Extremely),3,6,2,7 (Extremely),2,6,5,5,Agree,Somewhat agree,Agree,Somewhat agree,Disagree,Somewhat agree,Somewhat disagree,Agree,Somewhat disagree,Somewhat agree,Neither agree nor disagree,Somewhat agree,Disagree,Somewhat disagree,Disagree,"Home desk,Classroom",,,,28.0,12.0,,,Not applicable,Not applicable,Not applicable,Moderately dissatisfied,Neither satisfied nor dissatisfied,Not applicable,Not applicable,,Not applicable,Not applicable,Not applicable,Moderately dissatisfied,Neither satisfied nor dissatisfied,Not applicable,Not applicable,,Not applicable,Not applicable,Not applicable,Moderately satisfied,Neither satisfied nor dissatisfied,Not applicable,Not applicable,,No,Yes,No,Very,Extremely important
1/11/22 13:02,1/11/22 13:08,100,340,True,1/11/22 13:08,orenth16,1999,Female,165,70.0,22.8,Yes,Slightly dissatisfied,4,No,4.0,3.0,5,2,3,5,5,6,1  (Not at All),2,1  (Not at All),5,2,5,Agree,Somewhat agree,Somewhat agree,Strongly agree,Agree,Strongly agree,Disagree,Somewhat agree,Somewhat agree,Strongly agree,Disagree,Strongly agree,Agree,Somewhat disagree,Somewhat disagree,"Home desk,Classroom",,,,40.0,20.0,,,Not applicable,Not applicable,Not applicable,Slightly dissatisfied,Moderately satisfied,Not applicable,Not applicable,,Not applicable,Not applicable,Not applicable,Moderately dissatisfied,Neither satisfied nor dissatisfied,Not applicable,Not applicable,,Not applicable,Not applicable,Not applicable,Slightly dissatisfied,Extremely satisfied,Not applicable,Not applicable,,No,Yes,Yes,Moderately,Slightly important
1/11/22 13:22,1/11/22 13:30,100,460,True,1/11/22 13:30,orenth15,2000,Female,160,70.0,22.0,Yes,Moderately dissatisfied,5(Always),No,4.0,0.0,3,5,4,5,4,5,5,5,5,4,5,5,Somewhat agree,Somewhat agree,Somewhat agree,Somewhat agree,Somewhat disagree,Neither agree nor disagree,Somewhat disagree,Neither agree nor disagree,Neither agree nor disagree,Somewhat agree,Somewhat agree,Somewhat agree,Somewhat agree,Neither agree nor disagree,Somewhat agree,"Home desk,Classroom",,,,35.0,10.0,,,Not applicable,Not applicable,Not applicable,Neither satisfied nor dissatisfied,Slightly satisfied,Not applicable,Not applicable,,Not applicable,Not applicable,Not applicable,Neither satisfied nor dissatisfied,Slightly satisfied,Not applicable,Not applicable,,Not applicable,Not applicable,Not applicable,Neither satisfied nor dissatisfied,Slightly satisfied,Not applicable,Not applicable,,Yes,Yes,Yes,Moderately,Very important
7/11/22 10:12,7/11/22 10:17,100,273,True,7/11/22 10:17,orenth17,1999,Female,163,53.0,23.0,Yes,Neither satisfied nor dissatisfied,4,No,7.0,5.0,5,5,4,5,4,7 (Extremely),7 (Extremely),5,5,6,6,6,Neither agree nor disagree,Neither agree nor disagree,Somewhat agree,Agree,Somewhat agree,Somewhat disagree,Somewhat agree,Somewhat agree,Strongly agree,Somewhat agree,Somewhat agree,Strongly agree,Somewhat disagree,Neither agree nor disagree,Neither agree nor disagree,"Home desk,Classroom",,,,40.0,10.0,,,Not applicable,Not applicable,Not applicable,Moderately dissatisfied,Neither satisfied nor dissatisfied,Not applicable,Not applicable,,Not applicable,Not applicable,Not applicable,Moderately dissatisfied,Neither satisfied nor dissatisfied,Not applicable,Not applicable,,Not applicable,Not applicable,Not applicable,Neither satisfied nor dissatisfied,Moderately satisfied,Not applicable,Not applicable,,No,Yes,Yes,Moderately,Very important
7/11/22 10:12,7/11/22 10:19,100,392,True,7/11/22 10:19,Orenth18,1996,Female,172,55.0,26.0,Yes,Moderately dissatisfied,4,No,3.0,1.0,4,6,4,5,2,5,2,4,4,3,4,4,Somewhat agree,Agree,Agree,Agree,Somewhat agree,Agree,Somewhat agree,Somewhat agree,Disagree,Agree,Disagree,Somewhat agree,Somewhat agree,Agree,Neither agree nor disagree,"Open-plan office,Others (Type of space + hours/week)",,20.0,,,,,Lab; 15hrs a week,Not applicable,Slightly satisfied,Not applicable,Not applicable,Not applicable,Not applicable,Moderately satisfied,Lab,Not applicable,Moderately dissatisfied,Not applicable,Not applicable,Not applicable,Not applicable,Slightly dissatisfied,Lab,Not applicable,Moderately satisfied,Not applicable,Not applicable,Not applicable,Not applicable,Moderately satisfied,Lab,Yes,Yes,Yes,Not at all,Not at all important
7/11/22 11:55,7/11/22 12:00,100,316,True,7/11/22 12:00,orenth19 ,2000,Female,168,55.0,22.11,Yes,Neither satisfied nor dissatisfied,4,No,5.0,4.0,3,5,2,5,5,6,2,5,5,5,5,6,Somewhat agree,Agree,Somewhat agree,Somewhat agree,Somewhat disagree,Somewhat agree,Somewhat agree,Agree,Somewhat disagree,Agree,Somewhat agree,Agree,Disagree,Agree,Neither agree nor disagree,"Home desk,Classroom",,,,25.0,6.0,,,Slightly satisfied,Slightly dissatisfied,Slightly satisfied,Moderately satisfied,Slightly satisfied,Moderately dissatisfied,Not applicable,,Moderately satisfied,Slightly dissatisfied,Slightly satisfied,Moderately satisfied,Moderately satisfied,Neither satisfied nor dissatisfied,Not applicable,,Moderately satisfied,Slightly satisfied,Slightly satisfied,Slightly satisfied,Moderately satisfied,Neither satisfied nor dissatisfied,Not applicable,,Yes,Yes,Yes,Slightly,Moderately important
7/11/22 12:59,7/11/22 13:05,100,379,True,7/11/22 13:05,orenth20,2000,Female,163,55.0,22.0,Yes,Moderately dissatisfied,5(Always),No,3.0,3.0,5,5,4,5,5,5,4,4,4,6,6,2,Agree,Strongly agree,Agree,Agree,Agree,Neither agree nor disagree,Somewhat agree,Agree,Somewhat disagree,Agree,Somewhat agree,Agree,Disagree,Somewhat agree,Neither agree nor disagree,"Home desk,Classroom",,,,15.0,8.0,,,Not applicable,Not applicable,Not applicable,Neither satisfied nor dissatisfied,Neither satisfied nor dissatisfied,Not applicable,Not applicable,,Not applicable,Not applicable,Not applicable,Moderately satisfied,Slightly satisfied,Not applicable,Not applicable,,Not applicable,Not applicable,Not applicable,Slightly dissatisfied,Extremely satisfied,Not applicable,Not applicable,,Yes,No,No,Moderately,Very important
7/11/22 15:57,7/11/22 16:05,100,490,True,7/11/22 16:05,orenth21,2000,Female,158,50.0,22.5,Yes,Moderately dissatisfied,5(Always),Yes,2.0,5.0,5,7 (Extremely),6,6,6,6,1  (Not at All),5,5,6,7 (Extremely),2,Agree,Agree,Somewhat agree,Somewhat agree,Somewhat disagree,Agree,Somewhat disagree,Strongly agree,Somewhat agree,Agree,Disagree,Agree,Disagree,Somewhat agree,Somewhat agree,"Private office,Open-plan office,Cubicle office,Home desk,Classroom,Hot-desking office,Others (Type of space + hours/week)",,,,20.0,10.0,,,Extremely satisfied,Not applicable,Not applicable,Extremely satisfied,Slightly satisfied,Not applicable,Not applicable,,Not applicable,Not applicable,Not applicable,Slightly satisfied,Slightly satisfied,Not applicable,Not applicable,,Not applicable,Not applicable,Not applicable,Moderately satisfied,Moderately satisfied,Not applicable,Not applicable,,No,Yes,Yes,Extremely,Extremely important
8/11/22 10:35,8/11/22 10:43,100,443,True,8/11/22 10:43,Orenth22,2000,Male,173,66.0,22.0,No,Extremely dissatisfied,5(Always),No,1.0,3.0,2,2,5,5,3,6,2,5,5,5,2,6,Somewhat agree,Agree,Agree,Somewhat disagree,Somewhat disagree,Disagree,Somewhat agree,Somewhat agree,Disagree,Agree,Strongly agree,Somewhat agree,Somewhat disagree,Agree,Somewhat agree,"Home desk,Classroom,Others (Type of space + hours/week)",,,,20.0,10.0,,Library (20),Not applicable,Not applicable,Not applicable,Extremely satisfied,Moderately satisfied,Not applicable,Moderately satisfied,Library,Not applicable,Not applicable,Not applicable,Extremely dissatisfied,Extremely dissatisfied,Not applicable,Extremely dissatisfied,Library,Not applicable,Not applicable,Not applicable,Slightly satisfied,Moderately satisfied,Not applicable,Moderately satisfied,Library ,No,Yes,No,Slightly,Extremely important
8/11/22 12:51,8/11/22 12:56,100,308,True,8/11/22 12:56,orenth23,2000,Female,170,60.0,22.8,Yes,Neither satisfied nor dissatisfied,5(Always),Yes,8.0,4.0,4,3,5,6,4,6,6,6,4,3,3,5,Neither agree nor disagree,Neither agree nor disagree,Agree,Strongly agree,Strongly agree,Somewhat agree,Somewhat agree,Strongly agree,Somewhat disagree,Agree,Agree,Agree,Somewhat disagree,Somewhat agree,Neither agree nor disagree,"Home desk,Classroom",,,,10.0,9.0,,,Not applicable,Not applicable,Not applicable,Moderately satisfied,Moderately satisfied,Not applicable,Not applicable,,Not applicable,Not applicable,Not applicable,Slightly dissatisfied,Moderately satisfied,Not applicable,Not applicable,,Not applicable,Not applicable,Not applicable,Moderately satisfied,Slightly satisfied,Not applicable,Not applicable,,No,Yes,No,Slightly,Extremely important
10/11/22 11:00,10/11/22 11:06,100,347,True,10/11/22 11:06,Orenth24,2000,Female,151,41.0,21.0,Yes,Moderately dissatisfied,5(Always),No,1.0,3.0,4,5,4,4,5,4,2,5,4,3,6,3,Somewhat disagree,Neither agree nor disagree,Somewhat disagree,Somewhat disagree,Neither agree nor disagree,Somewhat disagree,Neither agree nor disagree,Somewhat agree,Somewhat agree,Neither agree nor disagree,Agree,Agree,Somewhat agree,Neither agree nor disagree,Somewhat agree,"Home desk,Classroom,Hot-desking office",,,,30.0,9.0,20,,Not applicable,Not applicable,Not applicable,Slightly satisfied,Neither satisfied nor dissatisfied,Slightly satisfied,Not applicable,,Not applicable,Not applicable,Not applicable,Moderately satisfied,Moderately dissatisfied,Moderately dissatisfied,Not applicable,,Not applicable,Not applicable,Not applicable,Slightly dissatisfied,Neither satisfied nor dissatisfied,Slightly satisfied,Not applicable,,Yes,Yes,Yes,Slightly,Very important
10/11/22 11:31,10/11/22 11:38,100,419,True,10/11/22 11:38,orenth25,2000,Female,164,57.0,22.25,Yes,Moderately dissatisfied,4,No,0.5,1.0,4,5,4,5,3,6,2,6,5,4,3,5,Somewhat disagree,Neither agree nor disagree,Neither agree nor disagree,Neither agree nor disagree,Somewhat disagree,Somewhat agree,Agree,Neither agree nor disagree,Strongly agree,Strongly agree,Agree,Somewhat agree,Neither agree nor disagree,Disagree,Somewhat disagree,"Home desk,Classroom,Hot-desking office",,,,8.0,24.0,16,,Not applicable,Not applicable,Not applicable,Moderately dissatisfied,Moderately satisfied,Extremely satisfied,Not applicable,,Not applicable,Not applicable,Not applicable,Moderately satisfied,Moderately satisfied,Slightly satisfied,Not applicable,,Not applicable,Not applicable,Not applicable,Slightly dissatisfied,Slightly satisfied,Moderately satisfied,Not applicable,,Yes,Yes,Yes,Moderately,Slightly important
10/11/22 12:59,10/11/22 13:06,100,383,True,10/11/22 13:06,orenth26,2000,Female,166,70.0,22.11,Yes,Slightly dissatisfied,5(Always),No,5.0,3.0,3,3,4,6,1  (Not at all),7 (Extremely),2,6,6,3,5,6,Somewhat agree,Somewhat agree,Agree,Somewhat disagree,Somewhat disagree,Somewhat agree,Strongly disagree,Somewhat agree,Agree,Somewhat disagree,Disagree,Strongly agree,Disagree,Disagree,Somewhat agree,"Home desk,Classroom",,,,28.0,10.0,,,Not applicable,Not applicable,Not applicable,Slightly satisfied,Moderately dissatisfied,Not applicable,Not applicable,,Not applicable,Not applicable,Not applicable,Extremely satisfied,Moderately dissatisfied,Not applicable,Not applicable,,Not applicable,Not applicable,Not applicable,Extremely satisfied,Moderately satisfied,Not applicable,Not applicable,,Yes,Yes,Yes,Slightly,Extremely important
16/11/22 11:10,16/11/22 11:19,100,559,True,16/11/22 11:19,orenth27,1974,Male,170,65.0,48.0,Yes,Neither satisfied nor dissatisfied,3,Yes,3.0,3.0,4,4,4,4,4,4,4,5,4,4,4,4,Neither agree nor disagree,Neither agree nor disagree,Strongly agree,Strongly agree,Strongly agree,Strongly agree,Neither agree nor disagree,Strongly agree,Neither agree nor disagree,Strongly agree,Strongly disagree,Strongly agree,Strongly disagree,Strongly agree,Strongly agree,"Private office,Open-plan office,Home desk",24.0,4.0,,12.0,,,,Neither satisfied nor dissatisfied,Neither satisfied nor dissatisfied,Not applicable,Slightly satisfied,Not applicable,Not applicable,Not applicable,,Slightly satisfied,Neither satisfied nor dissatisfied,Not applicable,Neither satisfied nor dissatisfied,Not applicable,Not applicable,Not applicable,,Slightly satisfied,Slightly satisfied,Not applicable,Moderately satisfied,Not applicable,Not applicable,Not applicable,,No,Yes,No,Slightly,Slightly important
16/11/22 11:14,16/11/22 11:26,100,685,True,16/11/22 11:26,orenth28,1979,Male,174,75.0,18.0,Yes,Slightly satisfied,4,Yes,1.0,2.0,5,4,4,3,5,4,2,2,2,2,6,2,Somewhat disagree,Neither agree nor disagree,Neither agree nor disagree,Disagree,Disagree,Strongly agree,Disagree,Agree,Disagree,Strongly agree,Strongly disagree,Agree,Disagree,Agree,Neither agree nor disagree,Hot-desking office,,,,,,40,,Not applicable,Not applicable,Not applicable,Not applicable,Not applicable,Slightly satisfied,Not applicable,,Not applicable,Not applicable,Not applicable,Not applicable,Not applicable,Slightly satisfied,Not applicable,,Not applicable,Slightly dissatisfied,Slightly satisfied,Not applicable,Not applicable,Slightly satisfied,Not applicable,,Yes,Yes,Yes,Moderately,Very important
16/11/22 11:16,16/11/22 11:30,100,864,True,16/11/22 11:30,orenth29,1965,Male,178,85.0,57.0,Yes,Moderately satisfied,3,Yes,2.0,6.0,3,4,3,4,4,4,3,4,4,4,4,4,Somewhat agree,Somewhat agree,Agree,Agree,Somewhat agree,Somewhat agree,Neither agree nor disagree,Agree,Neither agree nor disagree,Somewhat agree,Somewhat disagree,Agree,Disagree,Agree,Somewhat disagree,"Private office,Open-plan office,Home desk,Hot-desking office",4.0,20.0,,10.0,,10,,Moderately satisfied,Moderately satisfied,Not applicable,Moderately satisfied,Not applicable,Slightly satisfied,Not applicable,,Extremely satisfied,Slightly satisfied,Not applicable,Moderately satisfied,Not applicable,Slightly satisfied,Not applicable,,Slightly satisfied,Moderately satisfied,Not applicable,Moderately satisfied,Not applicable,Moderately satisfied,Not applicable,,Yes,Yes,Yes,Moderately,Moderately important
18/11/22 11:45,18/11/22 11:56,100,696,True,18/11/22 11:56,orenth31,1988,Male,174,81.0,34.0,Yes,Moderately dissatisfied,5(Always),No,1.0,2.0,5,3,4,3,5,7 (Extremely),1  (Not at All),1  (Not at All),4,5,2,6,Somewhat agree,Somewhat agree,Somewhat agree,Somewhat agree,Strongly disagree,Somewhat disagree,Strongly disagree,Neither agree nor disagree,Neither agree nor disagree,Agree,Strongly agree,Somewhat agree,Disagree,Agree,Neither agree nor disagree,"Open-plan office,Home desk",,24.0,,16.0,,,,Not applicable,Slightly dissatisfied,Not applicable,Moderately satisfied,Not applicable,Not applicable,Not applicable,,Not applicable,Extremely dissatisfied,Not applicable,Moderately satisfied,Not applicable,Not applicable,Not applicable,,Not applicable,Slightly dissatisfied,Not applicable,Extremely dissatisfied,Not applicable,Not applicable,Not applicable,,No,Yes,No,Very,Moderately important
28/11/22 11:15,28/11/22 11:35,100,1169,True,28/11/22 11:35,Orenth32,1962,Male,170,60.0,60.0,Yes,Moderately satisfied,4,No,4.0,5.0,2,6,5,3,2,2,1  (Not at All),7 (Extremely),5,7 (Extremely),6,2,Agree,Agree,Agree,Agree,Disagree,Somewhat disagree,Agree,Strongly agree,Somewhat disagree,Strongly agree,Somewhat agree,Agree,Strongly disagree,Somewhat agree,Somewhat disagree,Home desk,,,,30.0,,,,Not applicable,Not applicable,Not applicable,Moderately satisfied,Not applicable,Not applicable,Not applicable,,Not applicable,Not applicable,Not applicable,Slightly dissatisfied,Not applicable,Not applicable,Not applicable,,Not applicable,Not applicable,Not applicable,Slightly dissatisfied,Not applicable,Not applicable,Not applicable,,Yes,No,No,Slightly,Slightly important
28/11/22 14:14,28/11/22 14:24,100,556,True,28/11/22 14:24,orenth33,2001,Male,182,91.0,4.5,Yes,Moderately satisfied,4,Yes,2.0,5.0,5,5,6,7 (Extremely),7 (Extremely),6,2,7 (Extremely),4,6,6,7 (Extremely),Somewhat disagree,Somewhat agree,Neither agree nor disagree,Agree,Disagree,Agree,Agree,Somewhat agree,Strongly agree,Somewhat agree,Strongly agree,Strongly agree,Strongly disagree,Somewhat agree,Agree,"Home desk,Classroom,Hot-desking office",,,,30.0,5.0,25,,Not applicable,Not applicable,Not applicable,Slightly dissatisfied,Moderately satisfied,Moderately satisfied,Not applicable,,Not applicable,Not applicable,Not applicable,Moderately dissatisfied,Moderately dissatisfied,Slightly dissatisfied,Not applicable,,Not applicable,Not applicable,Not applicable,Moderately satisfied,Moderately dissatisfied,Moderately satisfied,Not applicable,,Yes,Yes,Yes,Moderately,Very important
28/11/22 14:57,28/11/22 15:03,100,341,True,28/11/22 15:03,orenth34,1996,Male,161,62.0,25.0,Yes,Moderately dissatisfied,5(Always),No,2.0,1.0,5,7 (Extremely),3,7 (Extremely),4,7 (Extremely),4,6,7 (Extremely),7 (Extremely),7 (Extremely),6,Strongly disagree,Strongly disagree,Strongly disagree,Strongly disagree,Strongly disagree,Strongly disagree,Disagree,Agree,Strongly agree,Somewhat disagree,Strongly agree,Neither agree nor disagree,Somewhat agree,Somewhat disagree,Somewhat agree,Home desk,,,,20.0,,,,Not applicable,Not applicable,Not applicable,Slightly satisfied,Not applicable,Not applicable,Not applicable,,Not applicable,Not applicable,Not applicable,Slightly satisfied,Not applicable,Not applicable,Not applicable,,Not applicable,Not applicable,Not applicable,Slightly dissatisfied,Not applicable,Not applicable,Not applicable,,Yes,Yes,Yes,Moderately,Extremely important
30/11/22 11:34,30/11/22 11:40,100,343,True,30/11/22 11:40,Orenth35,1998,Male,173,77.0,22.0,Yes,Slightly satisfied,4,No,2.0,2.0,5,6,5,5,3,5,1  (Not at All),5,5,6,3,2,Somewhat agree,Somewhat disagree,Somewhat agree,Somewhat agree,Somewhat disagree,Somewhat agree,Somewhat agree,Somewhat agree,Disagree,Somewhat agree,Disagree,Somewhat disagree,Somewhat disagree,Agree,Agree,"Open-plan office,Home desk",,7.0,,32.0,,,,Not applicable,Extremely satisfied,Not applicable,Slightly dissatisfied,Not applicable,Not applicable,Not applicable,,Not applicable,Slightly satisfied,Not applicable,Moderately satisfied,Not applicable,Not applicable,Not applicable,,Not applicable,Extremely satisfied,Not applicable,Moderately satisfied,Not applicable,Not applicable,Not applicable,,Yes,Yes,Yes,Very,Very important
30/11/22 12:11,30/11/22 12:17,100,363,True,30/11/22 12:17,orenth36,1994,Male,181,80.0,28.7,Yes,Moderately satisfied,3,Yes,7.0,9.0,5,2,5,5,5,4,1  (Not at All),5,5,6,2,2,Agree,Strongly agree,Strongly agree,Agree,Somewhat disagree,Agree,Somewhat disagree,Agree,Somewhat agree,Strongly agree,Somewhat agree,Agree,Disagree,Strongly agree,Somewhat agree,"Private office,Open-plan office,Cubicle office,Home desk,Classroom,Hot-desking office,Others (Type of space + hours/week)",20.0,20.0,,10.0,,,,Slightly satisfied,Moderately satisfied,Not applicable,Slightly satisfied,Not applicable,Not applicable,Not applicable,,Extremely satisfied,Slightly dissatisfied,Not applicable,Extremely satisfied,Not applicable,Not applicable,Not applicable,,Extremely satisfied,Moderately satisfied,Not applicable,Slightly satisfied,Not applicable,Not applicable,Not applicable,,Yes,Yes,Yes,Slightly,Extremely important
30/11/22 14:08,30/11/22 14:14,100,365,True,30/11/22 14:14,orenth37,1991,Female,156,45.0,31.1,Yes,Neither satisfied nor dissatisfied,2,Yes,1.0,2.0,3,4,3,3,2,5,3,4,3,5,6,3,Neither agree nor disagree,Somewhat agree,Agree,Somewhat agree,Somewhat agree,Strongly disagree,Disagree,Neither agree nor disagree,Somewhat disagree,Agree,Strongly agree,Somewhat agree,Neither agree nor disagree,Agree,Agree,"Cubicle office,Home desk",,,24.0,16.0,,,,Not applicable,Not applicable,Slightly dissatisfied,Neither satisfied nor dissatisfied,Not applicable,Not applicable,Not applicable,,Not applicable,Not applicable,Moderately dissatisfied,Slightly dissatisfied,Not applicable,Not applicable,Not applicable,,Not applicable,Not applicable,Slightly satisfied,Neither satisfied nor dissatisfied,Not applicable,Not applicable,Not applicable,,No,No,No,Moderately,Very important
30/11/22 14:08,30/11/22 14:15,100,418,True,30/11/22 14:15,orenth38,1989,Male,169,57.0,33.0,Yes,Moderately satisfied,5(Always),Yes,2.0,4.0,4,6,4,6,3,2,1  (Not at All),4,3,3,6,6,Agree,Agree,Agree,Agree,Somewhat agree,Somewhat disagree,Somewhat agree,Strongly agree,Somewhat agree,Agree,Somewhat agree,Somewhat agree,Somewhat disagree,Neither agree nor disagree,Neither agree nor disagree,"Cubicle office,Home desk",,,16.0,24.0,,,,Not applicable,Not applicable,Extremely satisfied,Moderately satisfied,Not applicable,Not applicable,Not applicable,,Not applicable,Not applicable,Neither satisfied nor dissatisfied,Extremely satisfied,Not applicable,Not applicable,Not applicable,,Not applicable,Not applicable,Extremely satisfied,Slightly dissatisfied,Not applicable,Not applicable,Not applicable,,Yes,Yes,No,Very,Very important
30/11/22 14:35,30/11/22 14:40,100,306,True,30/11/22 14:40,orenth39,1996,Female,159,50.0,26.0,Yes,Slightly satisfied,3,No,3.0,5.0,5,6,4,5,5,6,5,6,5,5,5,5,Agree,Agree,Somewhat agree,Agree,Agree,Somewhat disagree,Disagree,Agree,Somewhat agree,Somewhat agree,Agree,Agree,Disagree,Somewhat agree,Somewhat disagree,Private office,30.0,,,,,,,Moderately satisfied,Not applicable,Not applicable,Not applicable,Not applicable,Not applicable,Not applicable,,Moderately satisfied,Not applicable,Not applicable,Not applicable,Not applicable,Not applicable,Not applicable,,Moderately satisfied,Not applicable,Not applicable,Not applicable,Not applicable,Not applicable,Not applicable,,Yes,Yes,No,Very,Very important
30/11/22 15:46,30/11/22 15:55,100,541,True,30/11/22 15:55,orenth41,2000,Female,170,64.0,0.5,Yes,Neither satisfied nor dissatisfied,4,Yes,5.0,7.0,4,5,3,1  (Not at all),5,3,1  (Not at All),2,2,6,6,5,Somewhat agree,Agree,Somewhat agree,Somewhat agree,Somewhat disagree,Somewhat agree,Somewhat agree,Agree,Neither agree nor disagree,Strongly agree,Neither agree nor disagree,Agree,Somewhat disagree,Somewhat agree,Somewhat disagree,"Open-plan office,Home desk,Classroom",,15.0,,5.0,12.0,,,Not applicable,Moderately satisfied,Not applicable,Extremely satisfied,Moderately satisfied,Not applicable,Not applicable,,Not applicable,Moderately satisfied,Not applicable,Extremely satisfied,Moderately satisfied,Not applicable,Not applicable,,Not applicable,Slightly satisfied,Not applicable,Extremely satisfied,Slightly satisfied,Not applicable,Not applicable,,Yes,Yes,Yes,Moderately,Slightly important
30/11/22 15:46,30/11/22 15:55,100,547,True,30/11/22 15:55,orenth40,2000,Female,167,45.0,0.5,Yes,Moderately dissatisfied,4,No,1.0,2.0,4,5,6,5,4,6,1  (Not at All),6,5,5,6,5,Neither agree nor disagree,Neither agree nor disagree,Somewhat disagree,Neither agree nor disagree,Disagree,Disagree,Somewhat agree,Somewhat agree,Somewhat agree,Somewhat disagree,Strongly agree,Neither agree nor disagree,Somewhat disagree,Agree,Somewhat disagree,"Classroom,Others (Type of space + hours/week)",,,,,15.0,,"utown study area indoors 12.5
utown study area outdoors
12.5",Not applicable,Not applicable,Not applicable,Not applicable,Slightly satisfied,Not applicable,Slightly satisfied,both study areas,Not applicable,Not applicable,Not applicable,Not applicable,Slightly satisfied,Not applicable,Slightly satisfied,study room,Not applicable,Not applicable,Not applicable,Not applicable,Slightly dissatisfied,Not applicable,Slightly dissatisfied,study room,No,Yes,Yes,Moderately,Moderately important
30/11/22 17:04,30/11/22 17:11,100,447,True,30/11/22 17:11,"orenth44

",2000,Female,168,48.0,0.6,Yes,Moderately satisfied,2,Yes,3.0,5.0,4,4,6,4,5,5,1  (Not at All),4,3,5,4,3,Somewhat agree,Agree,Agree,Somewhat disagree,Agree,Agree,Somewhat disagree,Strongly agree,Somewhat disagree,Agree,Agree,Agree,Somewhat disagree,Agree,Neither agree nor disagree,"Home desk,Classroom,Others (Type of space + hours/week)",,,,70.0,10.0,,gym 10,Not applicable,Not applicable,Not applicable,Moderately satisfied,Extremely satisfied,Not applicable,Extremely satisfied,gym,Not applicable,Not applicable,Not applicable,Moderately satisfied,Slightly satisfied,Not applicable,Moderately satisfied,gym,Not applicable,Not applicable,Not applicable,Slightly satisfied,Slightly dissatisfied,Not applicable,Moderately satisfied,gym,Yes,Yes,Yes,Slightly,Extremely important
30/11/22 19:17,30/11/22 19:28,100,691,True,30/11/22 19:28,orenth42,1993,Male,175,72.0,2.0,Yes,Neither satisfied nor dissatisfied,2,Yes,5.0,9.0,3,2,5,5,6,5,3,3,4,6,5,3,Neither agree nor disagree,Neither agree nor disagree,Neither agree nor disagree,Somewhat agree,Neither agree nor disagree,Agree,Disagree,Somewhat disagree,Disagree,Agree,Somewhat agree,Agree,Disagree,Agree,Somewhat agree,"Private office,Open-plan office,Cubicle office,Home desk,Classroom,Hot-desking office",50.0,10.0,,7.5,,"
",,Moderately satisfied,Extremely dissatisfied,Not applicable,Extremely satisfied,Not applicable,Not applicable,Not applicable,,Slightly satisfied,Neither satisfied nor dissatisfied,Not applicable,Moderately satisfied,Not applicable,Not applicable,Not applicable,,Slightly satisfied,Slightly satisfied,Not applicable,Extremely satisfied,Not applicable,Not applicable,Not applicable,,No,No,No,Moderately,Extremely important
30/11/22 20:46,30/11/22 20:53,100,446,True,30/11/22 20:53,orenth43,1993,Male,177,76.9,29.0,Yes,Neither satisfied nor dissatisfied,5(Always),Yes,2.5,2.0,4,3,3,4,4,5,5,5,4,3,6,5,Somewhat disagree,Neither agree nor disagree,Neither agree nor disagree,Neither agree nor disagree,Disagree,Somewhat agree,Disagree,Somewhat disagree,Somewhat agree,Somewhat agree,Neither agree nor disagree,Neither agree nor disagree,Somewhat agree,Somewhat agree,Somewhat agree,"Open-plan office,Cubicle office,Home desk",,8.4,16.8,16.8,,,,Not applicable,Neither satisfied nor dissatisfied,Slightly dissatisfied,Extremely satisfied,Not applicable,Not applicable,Not applicable,,Not applicable,Slightly dissatisfied,Slightly dissatisfied,Extremely satisfied,Not applicable,Not applicable,Not applicable,,Not applicable,Moderately satisfied,Moderately satisfied,Slightly satisfied,Not applicable,Not applicable,Not applicable,,Yes,Yes,Yes,Moderately,Very important
5/12/22 11:28,5/12/22 11:36,100,476,True,5/12/22 11:36,Orenth45,1998,Male,170,52.0,24.5,Yes,Moderately satisfied,3,Yes,3.0,5.0,5,5,4,5,3,4,2,5,4,6,6,4,Somewhat agree,Somewhat agree,Somewhat agree,Somewhat disagree,Somewhat disagree,Somewhat agree,Neither agree nor disagree,Somewhat agree,Neither agree nor disagree,Somewhat agree,Somewhat agree,Agree,Somewhat agree,Somewhat disagree,Neither agree nor disagree,Home desk,,,,35.0,,,,Not applicable,Not applicable,Not applicable,Slightly satisfied,Not applicable,Not applicable,Not applicable,,Not applicable,Not applicable,Not applicable,Moderately satisfied,Not applicable,Not applicable,Not applicable,,Not applicable,Not applicable,Not applicable,Slightly dissatisfied,Not applicable,Not applicable,Not applicable,,No,Yes,Yes,Moderately,Moderately important
7/12/22 11:00,7/12/22 11:05,100,275,True,7/12/22 11:05,orenth46,1998,Male,173,57.0,24.0,Yes,Moderately satisfied,4,Yes,1.0,2.0,4,5,3,6,2,7 (Extremely),1  (Not at All),6,6,1  (Not at All),5,6,Strongly disagree,Somewhat agree,Agree,Somewhat agree,Disagree,Somewhat agree,Disagree,Agree,Somewhat agree,Somewhat disagree,Strongly disagree,Agree,Agree,Neither agree nor disagree,Somewhat agree,"Home desk,Classroom",,,,6.0,9.0,,,Not applicable,Not applicable,Not applicable,Slightly satisfied,Moderately satisfied,Not applicable,Not applicable,,Not applicable,Not applicable,Not applicable,Slightly satisfied,Slightly dissatisfied,Not applicable,Not applicable,,Not applicable,Not applicable,Not applicable,Moderately dissatisfied,Extremely satisfied,Not applicable,Not applicable,,No,Yes,No,Moderately,Extremely important
7/12/22 16:51,7/12/22 16:59,100,482,True,7/12/22 16:59,orenth48,1994,Female,157,49.0,4.8,Yes,Neither satisfied nor dissatisfied,2,Yes,1.0,4.0,4,4,5,5,3,5,5,5,5,5,5,4,Somewhat disagree,Somewhat disagree,Somewhat disagree,Somewhat agree,Somewhat agree,Neither agree nor disagree,Somewhat disagree,Somewhat agree,Somewhat agree,Somewhat agree,Somewhat agree,Somewhat agree,Somewhat disagree,Somewhat disagree,Somewhat disagree,Cubicle office,,,33.0,,,,,Not applicable,Not applicable,Neither satisfied nor dissatisfied,Not applicable,Not applicable,Not applicable,Not applicable,,Not applicable,Not applicable,Slightly dissatisfied,Not applicable,Not applicable,Not applicable,Not applicable,,Not applicable,Not applicable,Neither satisfied nor dissatisfied,Not applicable,Not applicable,Not applicable,Not applicable,,Yes,Yes,Yes,Moderately,Moderately important
17/12/22 14:33,17/12/22 14:39,100,313,True,17/12/22 14:39,orenth49,1999,Female,167,62.0,23.0,Yes,Neither satisfied nor dissatisfied,3,No,1.0,0.5,4,3,2,5,2,5,4,5,4,3,4,4,Somewhat disagree,Somewhat disagree,Somewhat disagree,Somewhat disagree,Somewhat disagree,Disagree,Disagree,Disagree,Somewhat disagree,Strongly agree,Somewhat agree,Somewhat disagree,Somewhat agree,Somewhat agree,Neither agree nor disagree,Cubicle office,,,40.0,,,,,Not applicable,Not applicable,Slightly dissatisfied,Not applicable,Not applicable,Not applicable,Not applicable,,Not applicable,Not applicable,Extremely dissatisfied,Not applicable,Not applicable,Not applicable,Not applicable,,Not applicable,Not applicable,Neither satisfied nor dissatisfied,Not applicable,Not applicable,Not applicable,Not applicable,,No,No,No,Slightly,Slightly important
21/12/22 23:05,21/12/22 23:20,100,874,True,21/12/22 23:20,orenth50,1963,Female,166,65.0,59.0,Yes,Moderately dissatisfied,2,Yes,4.0,4.0,4,3,6,3,3,4,4,4,4,4,4,4,Neither agree nor disagree,Neither agree nor disagree,Somewhat agree,Agree,Neither agree nor disagree,Somewhat agree,Disagree,Agree,Disagree,Neither agree nor disagree,Somewhat disagree,Agree,Somewhat disagree,Agree,Neither agree nor disagree,"Home desk,Others (Type of space + hours/week)",,,,25.0,,,,Not applicable,Not applicable,Not applicable,Neither satisfied nor dissatisfied,Not applicable,Not applicable,Not applicable,,Not applicable,Not applicable,Not applicable,Neither satisfied nor dissatisfied,Not applicable,Not applicable,Not applicable,,Not applicable,Not applicable,Not applicable,Neither satisfied nor dissatisfied,Not applicable,Not applicable,Not applicable,,Yes,Yes,No,Slightly,Very important
27/3/23 12:00,27/3/23 12:12,100,739,True,27/3/23 12:12,usk01,2000,Female,160,50.0,0.3,Yes,Moderately satisfied,2,Yes,3.0,5.0,4,5,5,6,5,6,5,4,5,5,5,4,Somewhat agree,Somewhat agree,Somewhat agree,Somewhat agree,Agree,Somewhat agree,Somewhat agree,Somewhat agree,Somewhat disagree,Agree,Somewhat agree,Agree,Disagree,Somewhat agree,Somewhat disagree,"Private office,Home desk,Classroom",42.0,,,12.0,6.0,,,Moderately satisfied,Not applicable,Not applicable,Moderately satisfied,Slightly satisfied,Not applicable,Not applicable,,Slightly dissatisfied,Not applicable,Not applicable,Slightly satisfied,Slightly satisfied,Not applicable,Not applicable,,Moderately satisfied,Not applicable,Not applicable,Moderately satisfied,Slightly satisfied,Not applicable,Not applicable,,Yes,Yes,No,Moderately,Very important
27/3/23 12:16,27/3/23 12:24,100,461,True,27/3/23 12:24,usk02,2000,Female,156,45.0,22.0,Yes,Moderately satisfied,5(Always),Yes,6.0,6.0,5,5,4,5,1  (Not at all),6,3,5,4,5,4,5,Neither agree nor disagree,Neither agree nor disagree,Somewhat agree,Somewhat agree,Neither agree nor disagree,Somewhat disagree,Somewhat disagree,Somewhat agree,Somewhat disagree,Neither agree nor disagree,Agree,Somewhat agree,Neither agree nor disagree,Somewhat agree,Neither agree nor disagree,"Home desk,Classroom",,,,20.0,10.0,,,Not applicable,Not applicable,Not applicable,Slightly satisfied,Slightly dissatisfied,Not applicable,Not applicable,,Not applicable,Not applicable,Not applicable,Slightly satisfied,Slightly dissatisfied,Not applicable,Not applicable,,Not applicable,Not applicable,Not applicable,Slightly dissatisfied,Slightly satisfied,Not applicable,Not applicable,,No,Yes,No,Slightly,Very important
27/3/23 12:50,27/3/23 12:57,100,435,True,27/3/23 12:57,usk03,2000,Female,155,49.0,22.0,Yes,Slightly satisfied,3,No,1.0,1.0,5,3,5,2,2,6,7 (Extremely),5,3,5,6,5,Agree,Agree,Agree,Agree,Somewhat disagree,Disagree,Somewhat agree,Somewhat disagree,Somewhat agree,Agree,Agree,Agree,Somewhat agree,Agree,Agree,"Open-plan office,Classroom,Others (Type of space + hours/week)",,5.0,,,5.0,,bedroom (wfh/study) 30,Not applicable,Moderately satisfied,Not applicable,Not applicable,Moderately satisfied,Not applicable,Moderately satisfied,Bedroom,Not applicable,Moderately satisfied,Not applicable,Not applicable,Moderately satisfied,Not applicable,Moderately satisfied,Bedroom,Not applicable,Extremely satisfied,Not applicable,Not applicable,Extremely satisfied,Not applicable,Slightly dissatisfied,Bedroom,No,Yes,Yes,Moderately,Moderately important
27/3/23 13:45,27/3/23 13:49,100,238,True,27/3/23 13:49,usk04,2001,Female,168,52.0,2.0,Yes,Slightly satisfied,2,No,2.0,1.0,4,3,4,3,4,5,4,3,2,4,2,3,Somewhat agree,Somewhat agree,Somewhat agree,Neither agree nor disagree,Somewhat agree,Somewhat disagree,Disagree,Somewhat agree,Disagree,Somewhat agree,Somewhat disagree,Neither agree nor disagree,Neither agree nor disagree,Agree,Neither agree nor disagree,"Home desk,Classroom",,,,10.0,30.0,,,Not applicable,Not applicable,Not applicable,Moderately satisfied,Moderately satisfied,Not applicable,Not applicable,,Not applicable,Not applicable,Not applicable,Moderately satisfied,Moderately satisfied,Not applicable,Not applicable,,Not applicable,Not applicable,Not applicable,Moderately satisfied,Moderately satisfied,Not applicable,Not applicable,,Yes,No,No,Slightly,Moderately important
27/3/23 14:36,27/3/23 14:44,100,488,True,27/3/23 14:44,usk05,2000,Female,163,53.0,23.0,Yes,Moderately satisfied,5(Always),No,2.0,2.0,3,6,5,6,5,7 (Extremely),4,6,5,5,4,4,Agree,Agree,Strongly agree,Agree,Somewhat agree,Neither agree nor disagree,Strongly disagree,Somewhat agree,Somewhat agree,Agree,Agree,Somewhat agree,Agree,Neither agree nor disagree,Somewhat agree,"Home desk,Classroom",,,,60.0,14.0,,,Not applicable,Not applicable,Not applicable,Moderately satisfied,Moderately satisfied,Not applicable,Not applicable,,Not applicable,Not applicable,Not applicable,Extremely satisfied,Moderately satisfied,Not applicable,Not applicable,,Not applicable,Not applicable,Not applicable,Slightly dissatisfied,Extremely satisfied,Not applicable,Not applicable,,Yes,Yes,Yes,Moderately,Very important
28/3/23 12:23,28/3/23 12:37,100,783,True,28/3/23 12:37,usk06,1990,Male,168,100.0,2.0,Yes,Slightly satisfied,4,Yes,4.0,6.0,4,2,2,2,1  (Not at all),6,3,7 (Extremely),4,3,7 (Extremely),5,Disagree,Somewhat agree,Agree,Agree,Somewhat disagree,Disagree,Disagree,Somewhat agree,Disagree,Somewhat agree,Agree,Somewhat agree,Somewhat disagree,Agree,Somewhat agree,"Private office,Open-plan office,Cubicle office,Home desk",2.0,4.0,40.0,2.0,,,,Moderately dissatisfied,Slightly satisfied,Slightly dissatisfied,Moderately dissatisfied,Not applicable,Not applicable,Not applicable,,Moderately satisfied,Moderately satisfied,Extremely satisfied,Slightly satisfied,Not applicable,Not applicable,Slightly satisfied,,Slightly satisfied,Extremely satisfied,Slightly satisfied,Slightly satisfied,Not applicable,Not applicable,Slightly satisfied,,No,Yes,No,Moderately,Very important
28/3/23 13:22,28/3/23 13:29,100,455,True,28/3/23 13:29,usk07,2000,Male,186,77.0,23.0,Yes,Slightly satisfied,3,Yes,1.0,4.0,4,2,4,5,5,4,1  (Not at All),3,4,4,5,4,Somewhat agree,Somewhat agree,Agree,Somewhat agree,Somewhat agree,Somewhat agree,Somewhat agree,Agree,Somewhat agree,Agree,Somewhat agree,Somewhat agree,Disagree,Agree,Neither agree nor disagree,"Home desk,Classroom",,,,30.0,10.0,,,Not applicable,Not applicable,Not applicable,Slightly satisfied,Slightly satisfied,Not applicable,Not applicable,,Not applicable,Not applicable,Not applicable,Slightly satisfied,Slightly satisfied,Not applicable,Not applicable,,Not applicable,Not applicable,Not applicable,Slightly satisfied,Slightly satisfied,Not applicable,Not applicable,,Yes,Yes,Yes,Moderately,Very important
28/3/23 13:30,28/3/23 13:36,100,329,True,28/3/23 13:36,usk08,2002,Female,162,58.0,21.0,Yes,Moderately dissatisfied,5(Always),No,7.0,2.0,6,6,4,6,7 (Extremely),7 (Extremely),5,5,4,6,5,2,Somewhat agree,Somewhat agree,Strongly agree,Strongly agree,Strongly agree,Somewhat agree,Somewhat agree,Neither agree nor disagree,Somewhat disagree,Agree,Neither agree nor disagree,Somewhat disagree,Somewhat disagree,Somewhat agree,Disagree,"Home desk,Classroom",,,,35.0,35.0,,,Not applicable,Not applicable,Not applicable,Moderately satisfied,Moderately satisfied,Not applicable,Not applicable,,Not applicable,Not applicable,Not applicable,Moderately satisfied,Moderately satisfied,Not applicable,Not applicable,,Not applicable,Not applicable,Not applicable,Moderately satisfied,Slightly satisfied,Not applicable,Not applicable,,No,Yes,No,Very,Extremely important
28/3/23 15:37,28/3/23 15:45,100,506,True,28/3/23 15:45,usk09,2000,Female,160,54.0,0.7,Yes,Moderately satisfied,3,Yes,6.0,4.0,3,1  (Not at All),3,2,3,5,5,2,2,7 (Extremely),2,2,Agree,Somewhat agree,Agree,Somewhat agree,Somewhat disagree,Strongly agree,Disagree,Agree,Somewhat disagree,Strongly agree,Somewhat disagree,Agree,Somewhat disagree,Agree,Disagree,"Home desk,Classroom",,,,35.0,15.0,,,Not applicable,Not applicable,Not applicable,Moderately satisfied,Moderately satisfied,Not applicable,Not applicable,,Not applicable,Not applicable,Not applicable,Slightly satisfied,Moderately satisfied,Not applicable,Not applicable,,Not applicable,Not applicable,Not applicable,Extremely satisfied,Slightly satisfied,Not applicable,Not applicable,,Yes,Yes,Yes,Slightly,Moderately important
3/4/23 14:09,3/4/23 14:12,100,161,True,3/4/23 14:12,usk10,2001,Male,176,70.0,22.0,Yes,Moderately satisfied,5(Always),Yes,6.0,6.0,5,4,6,7 (Extremely),5,4,2,4,4,5,4,5,Somewhat agree,Somewhat agree,Somewhat agree,Somewhat agree,Agree,Agree,Neither agree nor disagree,Somewhat agree,Neither agree nor disagree,Agree,Neither agree nor disagree,Somewhat agree,Strongly agree,Somewhat agree,Agree,"Home desk,Classroom",,,,20.0,20.0,,,Not applicable,Not applicable,Not applicable,Moderately satisfied,Moderately satisfied,Not applicable,Not applicable,,Not applicable,Not applicable,Not applicable,Moderately satisfied,Moderately satisfied,Not applicable,Not applicable,,Not applicable,Not applicable,Not applicable,Extremely satisfied,Moderately satisfied,Not applicable,Not applicable,,Yes,Yes,Yes,Moderately,Moderately important
4/4/23 11:22,4/4/23 11:32,100,584,True,4/4/23 11:32,usk11,1998,Female,158,55.0,1.0,Yes,Slightly satisfied,3,Yes,3.0,4.0,5,5,6,6,6,6,2,6,5,5,6,3,Somewhat agree,Neither agree nor disagree,Somewhat agree,Somewhat agree,Disagree,Somewhat agree,Somewhat agree,Somewhat agree,Somewhat disagree,Somewhat agree,Neither agree nor disagree,Somewhat agree,Somewhat disagree,Somewhat agree,Somewhat disagree,"Open-plan office,Classroom",,36.0,,,15.0,,,Not applicable,Moderately dissatisfied,Not applicable,Not applicable,Slightly satisfied,Not applicable,Not applicable,,Not applicable,Moderately dissatisfied,Not applicable,Not applicable,Slightly dissatisfied,Not applicable,Not applicable,,Not applicable,Moderately dissatisfied,Not applicable,Not applicable,Moderately dissatisfied,Not applicable,Not applicable,,Yes,Yes,Yes,Very,Very important
4/4/23 12:11,4/4/23 12:22,100,663,True,4/4/23 12:22,usk13,1973,Female,157,50.0,27.5,Yes,Moderately satisfied,2,Yes,0.5,2.0,6,5,4,5,3,5,6,4,5,3,6,5,Somewhat agree,Somewhat agree,Somewhat agree,Agree,Somewhat disagree,Agree,Somewhat agree,Somewhat agree,Somewhat agree,Somewhat agree,Somewhat disagree,Agree,Disagree,Somewhat agree,Somewhat disagree,"Open-plan office,Cubicle office",,20.0,25.0,,,,,Not applicable,Moderately satisfied,Moderately satisfied,Not applicable,Not applicable,Not applicable,Not applicable,,Not applicable,Moderately satisfied,Moderately satisfied,Not applicable,Not applicable,Not applicable,Not applicable,,Not applicable,Moderately satisfied,Moderately satisfied,Not applicable,Not applicable,Not applicable,Not applicable,,No,No,No,Moderately,Moderately important
4/4/23 12:41,4/4/23 12:58,100,1047,True,4/4/23 12:58,usk14,1991,Male,171,61.0,8.0,Yes,Slightly satisfied,4,Yes,1.0,3.0,5,5,5,6,5,6,3,2,4,6,5,5,Somewhat agree,Somewhat agree,Agree,Somewhat agree,Somewhat disagree,Somewhat agree,Somewhat disagree,Agree,Somewhat agree,Agree,Agree,Agree,Somewhat disagree,Agree,Neither agree nor disagree,"Cubicle office,Home desk",,,8.0,32.0,,,,Not applicable,Not applicable,Moderately satisfied,Moderately satisfied,Not applicable,Not applicable,Not applicable,,Not applicable,Not applicable,Slightly satisfied,Extremely satisfied,Not applicable,Not applicable,Not applicable,,Not applicable,Not applicable,Extremely satisfied,Slightly satisfied,Not applicable,Not applicable,Not applicable,,No,Yes,No,Very,Extremely important
4/4/23 12:47,4/4/23 13:07,100,1207,True,4/4/23 13:07,usk15,1995,Female,148,48.0,1.5,Yes,Moderately satisfied,4,Yes,2.0,3.0,4,3,3,6,4,6,4,4,5,6,6,6,Somewhat agree,Agree,Agree,Disagree,Neither agree nor disagree,Somewhat agree,Somewhat agree,Strongly agree,Strongly agree,Agree,Somewhat agree,Neither agree nor disagree,Disagree,Somewhat agree,Somewhat disagree,"Private office,Open-plan office,Cubicle office,Home desk,Classroom,Hot-desking office,Others (Type of space + hours/week)",0.0,0.0,0.0,12.0,0.0,0,"0
",Not applicable,Not applicable,Not applicable,Slightly satisfied,Not applicable,Not applicable,Not applicable,,Not applicable,Not applicable,Not applicable,Moderately satisfied,Not applicable,Not applicable,Not applicable,,Not applicable,Not applicable,Not applicable,Moderately satisfied,Not applicable,Not applicable,Not applicable,,Yes,Yes,No,Very,Extremely important
10/4/23 11:18,10/4/23 11:23,100,304,True,10/4/23 11:23,usk16,1989,Female,168,68.0,33.0,Yes,Moderately dissatisfied,5(Always),Yes,2.0,3.0,4,6,6,5,7 (Extremely),6,6,6,7 (Extremely),5,7 (Extremely),7 (Extremely),Somewhat agree,Somewhat agree,Somewhat agree,Agree,Disagree,Neither agree nor disagree,Somewhat agree,Neither agree nor disagree,Agree,Agree,Somewhat agree,Somewhat agree,Somewhat disagree,Neither agree nor disagree,Neither agree nor disagree,"Home desk,Hot-desking office",,,,21.0,,35,,Not applicable,Not applicable,Not applicable,Moderately satisfied,Not applicable,Neither satisfied nor dissatisfied,Not applicable,,Not applicable,Not applicable,Not applicable,Extremely satisfied,Not applicable,Slightly dissatisfied,Not applicable,,Not applicable,Not applicable,Not applicable,Extremely satisfied,Not applicable,Extremely satisfied,Not applicable,,Yes,Yes,Yes,Very,Extremely important
10/4/23 11:17,10/4/23 11:28,100,627,True,10/4/23 11:28,usk17,1989,Male,173,69.0,24.0,Yes,Moderately dissatisfied,5(Always),Yes,5.0,2.0,5,6,6,2,6,6,2,2,3,6,6,4,Neither agree nor disagree,Neither agree nor disagree,Somewhat agree,Somewhat agree,Strongly disagree,Somewhat agree,Agree,Agree,Disagree,Agree,Strongly agree,Neither agree nor disagree,Disagree,Strongly agree,Neither agree nor disagree,Open-plan office,,36.0,,,,,,Not applicable,Neither satisfied nor dissatisfied,Not applicable,Not applicable,Not applicable,Not applicable,Not applicable,,Not applicable,Neither satisfied nor dissatisfied,Not applicable,Not applicable,Not applicable,Not applicable,Not applicable,,Not applicable,Neither satisfied nor dissatisfied,Not applicable,Not applicable,Not applicable,Not applicable,Not applicable,,No,Yes,Yes,Slightly,Very important
10/4/23 12:37,10/4/23 12:42,100,315,True,10/4/23 12:42,usk18,2003,Female,155,50.0,1.0,Yes,Slightly dissatisfied,2,Yes,2.0,3.0,5,3,4,5,5,5,5,6,5,5,4,4,Disagree,Disagree,Disagree,Disagree,Disagree,Somewhat agree,Somewhat disagree,Somewhat disagree,Somewhat agree,Agree,Somewhat agree,Agree,Somewhat agree,Somewhat agree,Neither agree nor disagree,"Home desk,Classroom",,,,15.0,20.0,,,Not applicable,Not applicable,Not applicable,Slightly satisfied,Slightly satisfied,Not applicable,Not applicable,,Not applicable,Not applicable,Not applicable,Slightly satisfied,Slightly satisfied,Not applicable,Not applicable,,Not applicable,Not applicable,Not applicable,Slightly satisfied,Slightly satisfied,Not applicable,Not applicable,,No,Yes,Yes,Moderately,Very important
10/4/23 12:51,10/4/23 12:58,100,389,True,10/4/23 12:58,usk19,2000,Female,153,46.0,3.0,Yes,Neither satisfied nor dissatisfied,2,No,1.0,3.0,6,6,6,7 (Extremely),7 (Extremely),6,7 (Extremely),7 (Extremely),4,7 (Extremely),7 (Extremely),4,Somewhat agree,Somewhat agree,Somewhat agree,Somewhat agree,Neither agree nor disagree,Disagree,Somewhat agree,Somewhat agree,Somewhat agree,Agree,Strongly agree,Somewhat agree,Disagree,Neither agree nor disagree,Disagree,"Home desk,Classroom,Hot-desking office",,,,30.0,3.0,27,,Not applicable,Not applicable,Not applicable,Extremely satisfied,Slightly satisfied,Slightly dissatisfied,Not applicable,,Not applicable,Not applicable,Not applicable,Extremely satisfied,Slightly dissatisfied,Extremely dissatisfied,Not applicable,,Not applicable,Not applicable,Not applicable,Extremely satisfied,Slightly dissatisfied,Extremely dissatisfied,Not applicable,,Yes,Yes,Yes,Very,Extremely important
10/4/23 13:10,10/4/23 13:23,100,787,True,10/4/23 13:23,usk20,1976,Male,172,65.0,12.0,Yes,Moderately satisfied,4,Yes,2.0,5.0,4,5,3,4,4,3,4,2,3,5,7 (Extremely),5,Somewhat agree,Neither agree nor disagree,Neither agree nor disagree,Somewhat agree,Neither agree nor disagree,Somewhat agree,Disagree,Somewhat agree,Neither agree nor disagree,Agree,Somewhat agree,Agree,Neither agree nor disagree,Neither agree nor disagree,Neither agree nor disagree,Cubicle office,,,42.5,,,,,Not applicable,Not applicable,Slightly satisfied,Not applicable,Not applicable,Not applicable,Not applicable,,Not applicable,Not applicable,Moderately dissatisfied,Not applicable,Not applicable,Not applicable,Not applicable,,Not applicable,Not applicable,Slightly satisfied,Not applicable,Not applicable,Not applicable,Not applicable,,No,Yes,No,Very,Extremely important
10/4/23 14:17,10/4/23 14:24,100,394,True,10/4/23 14:24,usk22,1999,Male,171,55.0,1.0,Yes,Moderately dissatisfied,2,Yes,2.0,3.0,3,5,5,6,6,6,4,6,2,2,5,5,Disagree,Disagree,Neither agree nor disagree,Disagree,Somewhat agree,Strongly disagree,Somewhat agree,Agree,Neither agree nor disagree,Agree,Agree,Somewhat agree,Strongly disagree,Agree,Disagree,"Home desk,Classroom",,,,5.0,8.0,,,Not applicable,Not applicable,Not applicable,Moderately satisfied,Slightly dissatisfied,Not applicable,Not applicable,,Not applicable,Not applicable,Not applicable,Moderately satisfied,Moderately satisfied,Not applicable,Not applicable,,Not applicable,Not applicable,Not applicable,Moderately satisfied,Slightly dissatisfied,Not applicable,Not applicable,,Yes,Yes,Yes,Very,Slightly important
10/4/23 14:20,10/4/23 14:25,100,330,True,10/4/23 14:25,usk21,2000,Female,174,62.0,23.0,Yes,Slightly dissatisfied,4,No,3.0,5.0,3,7 (Extremely),4,6,5,7 (Extremely),2,6,6,4,7 (Extremely),6,Neither agree nor disagree,Neither agree nor disagree,Neither agree nor disagree,Somewhat agree,Disagree,Agree,Agree,Agree,Somewhat agree,Neither agree nor disagree,Somewhat disagree,Somewhat agree,Strongly disagree,Somewhat agree,Neither agree nor disagree,"Home desk,Classroom,Hot-desking office",,,,27.0,12.0,9,,Not applicable,Not applicable,Not applicable,Slightly satisfied,Moderately satisfied,Slightly satisfied,Not applicable,,Not applicable,Not applicable,Not applicable,Moderately satisfied,Neither satisfied nor dissatisfied,Slightly dissatisfied,Not applicable,,Not applicable,Not applicable,Not applicable,Moderately satisfied,Moderately satisfied,Slightly satisfied,Not applicable,,Yes,Yes,Yes,Very,Extremely important
11/4/23 13:12,11/4/23 13:17,100,295,True,11/4/23 13:17,usk23,1999,Female,170,57.0,23.8,Yes,Moderately dissatisfied,4,No,1.0,1.0,6,7 (Extremely),3,4,1  (Not at all),4,1  (Not at All),4,4,5,7 (Extremely),3,Agree,Strongly agree,Strongly agree,Strongly agree,Agree,Somewhat agree,Somewhat agree,Agree,Disagree,Somewhat disagree,Disagree,Somewhat agree,Disagree,Somewhat agree,Somewhat agree,Home desk,,,,40.0,,,,Not applicable,Not applicable,Not applicable,Extremely satisfied,Not applicable,Not applicable,Not applicable,,Extremely satisfied,Not applicable,Not applicable,Extremely satisfied,Not applicable,Not applicable,Not applicable,,Not applicable,Not applicable,Not applicable,Extremely satisfied,Not applicable,Not applicable,Not applicable,,Yes,Yes,Yes,Very,Extremely important
11/4/23 14:26,11/4/23 14:38,100,718,True,11/4/23 14:38,usk24 ,1999,Male,182,76.0,23.0,Yes,Moderately satisfied,3,Yes,6.0,8.0,3,2,5,3,4,5,2,4,2,4,4,5,Neither agree nor disagree,Agree,Agree,Neither agree nor disagree,Neither agree nor disagree,Somewhat agree,Disagree,Agree,Disagree,Agree,Neither agree nor disagree,Somewhat agree,Neither agree nor disagree,Agree,Somewhat agree,"Home desk,Classroom",,,,25.0,15.0,,,Not applicable,Not applicable,Not applicable,Moderately satisfied,Extremely satisfied,Not applicable,Not applicable,,Not applicable,Not applicable,Not applicable,Moderately satisfied,Moderately satisfied,Not applicable,Not applicable,,Not applicable,Not applicable,Not applicable,Moderately satisfied,Moderately satisfied,Not applicable,Not applicable,,No,Yes,No,Moderately,Very important
17/4/23 12:58,17/4/23 13:04,100,355,True,17/4/23 13:04,usk25,1996,Female,153,43.0,27.0,Yes,Slightly dissatisfied,5(Always),Yes,1.0,1.0,5,3,1  (Not at All),5,4,6,2,6,6,3,4,5,Somewhat disagree,Disagree,Somewhat disagree,Somewhat disagree,Somewhat disagree,Disagree,Neither agree nor disagree,Agree,Agree,Somewhat agree,Somewhat agree,Somewhat agree,Neither agree nor disagree,Somewhat disagree,Somewhat agree,"Open-plan office,Cubicle office",,16.0,21.0,,,,,Not applicable,Slightly dissatisfied,Slightly dissatisfied,Not applicable,Not applicable,Not applicable,Not applicable,,Not applicable,Moderately dissatisfied,Slightly dissatisfied,Not applicable,Not applicable,Not applicable,Not applicable,,Not applicable,Slightly satisfied,Slightly satisfied,Not applicable,Not applicable,Not applicable,Not applicable,,Yes,Yes,Yes,Slightly,Moderately important
17/4/23 13:13,17/4/23 13:17,100,232,True,17/4/23 13:17,usk26,2000,Female,160,50.0,22.0,Yes,Slightly dissatisfied,4,Yes,6.0,10.0,1  (Not at all),3,1  (Not at All),5,3,6,4,6,3,2,3,2,Somewhat agree,Somewhat agree,Somewhat agree,Neither agree nor disagree,Somewhat disagree,Somewhat agree,Neither agree nor disagree,Agree,Neither agree nor disagree,Agree,Agree,Somewhat agree,Somewhat disagree,Neither agree nor disagree,Neither agree nor disagree,"Private office,Home desk",8.0,,,12.0,,,,Slightly satisfied,Not applicable,Not applicable,Moderately satisfied,Not applicable,Not applicable,Not applicable,,Slightly satisfied,Not applicable,Not applicable,Moderately satisfied,Not applicable,Not applicable,Not applicable,,Moderately satisfied,Not applicable,Not applicable,Slightly satisfied,Not applicable,Not applicable,Not applicable,,Yes,Yes,Yes,Moderately,Slightly important
17/4/23 14:38,17/4/23 14:43,100,258,True,17/4/23 14:43,usk27,1999,Female,160,47.5,24.0,Yes,Slightly dissatisfied,4,No,1.0,2.0,4,4,3,3,3,4,2,4,4,3,4,4,Somewhat agree,Somewhat agree,Somewhat agree,Somewhat agree,Somewhat agree,Neither agree nor disagree,Somewhat disagree,Somewhat agree,Somewhat disagree,Agree,Somewhat agree,Neither agree nor disagree,Somewhat disagree,Somewhat agree,Somewhat agree,"Home desk,Classroom",,,,40.0,5.0,,,Not applicable,Not applicable,Not applicable,Moderately satisfied,Slightly satisfied,Not applicable,Not applicable,,Not applicable,Not applicable,Not applicable,Moderately satisfied,Slightly satisfied,Not applicable,Not applicable,,Not applicable,Not applicable,Not applicable,Slightly satisfied,Slightly satisfied,Not applicable,Not applicable,,Yes,No,No,Moderately,Very important
17/4/23 15:22,17/4/23 15:29,100,425,True,17/4/23 15:29,usk28,1998,Male,173,56.0,18.0,Yes,Neither satisfied nor dissatisfied,2,No,3.0,3.0,3,6,5,5,4,6,2,6,4,5,6,4,Somewhat agree,Strongly agree,Agree,Agree,Neither agree nor disagree,Agree,Somewhat agree,Neither agree nor disagree,Disagree,Agree,Somewhat agree,Neither agree nor disagree,Somewhat agree,Agree,Disagree,"Open-plan office,Home desk,Classroom",,8.0,,30.0,14.0,,,Not applicable,Moderately satisfied,Not applicable,Extremely satisfied,Moderately satisfied,Not applicable,Not applicable,,Not applicable,Moderately dissatisfied,Not applicable,Extremely satisfied,Neither satisfied nor dissatisfied,Not applicable,Not applicable,,Not applicable,Moderately dissatisfied,Not applicable,Neither satisfied nor dissatisfied,Extremely satisfied,Not applicable,Not applicable,,Yes,Yes,Yes,Very,Very important
18/4/23 11:44,18/4/23 11:50,100,399,True,18/4/23 11:50,usk29,1975,Female,163,76.0,47.0,Yes,Moderately dissatisfied,4,No,4.0,8.0,4,4,4,5,4,5,3,5,4,5,4,5,Neither agree nor disagree,Somewhat agree,Somewhat agree,Somewhat agree,Neither agree nor disagree,Somewhat disagree,Somewhat disagree,Somewhat agree,Somewhat disagree,Agree,Somewhat agree,Somewhat agree,Somewhat disagree,Agree,Neither agree nor disagree,"Home desk,Others (Type of space + hours/week)",,,,15.0,,,Home setting 30,Not applicable,Not applicable,Not applicable,Neither satisfied nor dissatisfied,Not applicable,Not applicable,Neither satisfied nor dissatisfied,Home setting,Not applicable,Not applicable,Not applicable,Slightly satisfied,Not applicable,Not applicable,Moderately satisfied,Home setting,Not applicable,Not applicable,Not applicable,Neither satisfied nor dissatisfied,Not applicable,Not applicable,Slightly satisfied,Home setting,Yes,Yes,No,Slightly,Slightly important
18/4/23 11:45,18/4/23 11:52,100,454,True,18/4/23 11:52,usk30,2000,Female,153,49.0,18.0,Yes,Neither satisfied nor dissatisfied,5(Always),Yes,4.0,6.0,5,4,3,4,6,4,4,3,4,6,6,6,Somewhat disagree,Somewhat agree,Disagree,Somewhat disagree,Disagree,Somewhat disagree,Neither agree nor disagree,Agree,Somewhat disagree,Agree,Neither agree nor disagree,Agree,Disagree,Neither agree nor disagree,Somewhat agree,"Private office,Open-plan office,Cubicle office,Home desk,Classroom,Hot-desking office,Others (Type of space + hours/week)",,12.0,,4.0,,,,Slightly dissatisfied,Slightly satisfied,Slightly dissatisfied,Moderately dissatisfied,Not applicable,Slightly dissatisfied,Neither satisfied nor dissatisfied,,Not applicable,Moderately satisfied,Not applicable,Slightly satisfied,Not applicable,Not applicable,Not applicable,,Not applicable,Slightly dissatisfied,Not applicable,Slightly dissatisfied,Not applicable,Not applicable,Not applicable,,Yes,Yes,Yes,Moderately,Extremely important
18/4/23 12:47,18/4/23 12:58,100,660,True,18/4/23 12:58,usk31,2001,Female,168,62.0,0.75,Yes,Moderately dissatisfied,3,No,1.0,2.0,5,4,6,5,6,4,3,5,5,6,4,2,Somewhat disagree,Disagree,Somewhat disagree,Somewhat disagree,Disagree,Agree,Somewhat agree,Neither agree nor disagree,Somewhat agree,Agree,Somewhat disagree,Somewhat agree,Somewhat agree,Neither agree nor disagree,Somewhat disagree,"Home desk,Classroom",,,,35.0,6.0,,,Not applicable,Not applicable,Not applicable,Moderately satisfied,Slightly satisfied,Not applicable,Not applicable,,Not applicable,Not applicable,Not applicable,Moderately satisfied,Slightly dissatisfied,Not applicable,Not applicable,,Not applicable,Not applicable,Not applicable,Extremely satisfied,Moderately dissatisfied,Not applicable,Not applicable,,Yes,Yes,Yes,Moderately,Moderately important
18/4/23 15:18,18/4/23 15:27,100,556,True,18/4/23 15:27,usk32,1998,Female,165,50.0,1.0,Yes,Slightly dissatisfied,4,No,5.0,6.0,3,5,4,4,5,4,5,4,4,5,5,5,Somewhat agree,Somewhat agree,Somewhat agree,Somewhat agree,Somewhat disagree,Somewhat agree,Somewhat agree,Agree,Somewhat disagree,Somewhat agree,Agree,Agree,Disagree,Agree,Somewhat agree,"Home desk,Classroom",,,,25.0,20.0,,,Not applicable,Not applicable,Not applicable,Extremely satisfied,Slightly satisfied,Not applicable,Not applicable,,Not applicable,Not applicable,Not applicable,Moderately satisfied,Slightly satisfied,Not applicable,Not applicable,,Not applicable,Not applicable,Not applicable,Slightly satisfied,Slightly satisfied,Not applicable,Not applicable,,No,Yes,Yes,Moderately,Very important
18/4/23 17:49,18/4/23 17:54,100,291,True,18/4/23 17:54,Usk33,1990,Female,165,45.0,33.0,Yes,Moderately satisfied,4,Yes,2.0,5.0,5,6,4,6,5,7 (Extremely),1  (Not at All),4,4,6,7 (Extremely),4,Neither agree nor disagree,Agree,Agree,Agree,Neither agree nor disagree,Somewhat agree,Agree,Agree,Somewhat disagree,Strongly agree,Neither agree nor disagree,Agree,Neither agree nor disagree,Agree,Somewhat agree,Private office,50.0,,,,,,,Slightly satisfied,Not applicable,Not applicable,Not applicable,Not applicable,Not applicable,Not applicable,,Slightly satisfied,Not applicable,Not applicable,Not applicable,Not applicable,Not applicable,Not applicable,,Moderately satisfied,Not applicable,Not applicable,Not applicable,Not applicable,Not applicable,Not applicable,,No,No,Yes,Very,Very important
24/4/23 11:08,24/4/23 11:13,100,279,True,24/4/23 11:13,usk34,2000,Female,162,49.0,23.0,Yes,Slightly dissatisfied,4,No,3.0,5.0,1  (Not at all),3,3,5,3,5,1  (Not at All),4,2,5,2,3,Somewhat agree,Somewhat agree,Somewhat agree,Somewhat agree,Somewhat disagree,Somewhat disagree,Disagree,Agree,Disagree,Somewhat agree,Somewhat agree,Somewhat agree,Disagree,Agree,Agree,"Private office,Open-plan office,Cubicle office,Home desk,Others (Type of space + hours/week)",,,,10.0,,,f&b restaurant 45h/week,Not applicable,Not applicable,Not applicable,Extremely satisfied,Not applicable,Not applicable,Moderately satisfied,f&b restaurant,Not applicable,Not applicable,Not applicable,Moderately satisfied,Not applicable,Not applicable,Slightly satisfied,f&b restaurant,Not applicable,Not applicable,Not applicable,Slightly satisfied,Not applicable,Not applicable,Moderately satisfied,f&b restaurant,Yes,Yes,Yes,Not at all,Not at all important
24/4/23 12:53,24/4/23 13:00,100,425,True,24/4/23 13:00,usk36,1999,Male,184,85.0,7.5,Yes,Slightly satisfied,4,Yes,3.0,3.0,5,3,4,4,5,4,3,4,5,5,5,3,Agree,Somewhat agree,Somewhat agree,Agree,Somewhat agree,Somewhat disagree,Neither agree nor disagree,Somewhat agree,Somewhat agree,Somewhat agree,Agree,Agree,Disagree,Agree,Agree,"Home desk,Hot-desking office",,,,35.0,,40,,Not applicable,Not applicable,Not applicable,Moderately satisfied,Not applicable,Extremely dissatisfied,Not applicable,,Not applicable,Not applicable,Not applicable,Moderately satisfied,Not applicable,Extremely dissatisfied,Not applicable,,Not applicable,Not applicable,Not applicable,Extremely dissatisfied,Not applicable,Moderately satisfied,Not applicable,,Yes,Yes,Yes,Very,Extremely important
25/4/23 11:38,25/4/23 11:47,100,518,True,25/4/23 11:47,Usk35,1974,Male,168,67.0,49.0,Yes,Neither satisfied nor dissatisfied,4,Yes,2.0,6.0,5,5,5,5,6,3,1  (Not at All),3,4,5,5,3,Agree,Agree,Agree,Agree,Disagree,Disagree,Strongly disagree,Strongly agree,Strongly disagree,Strongly agree,Strongly agree,Strongly agree,Strongly disagree,Strongly agree,Neither agree nor disagree,"Private office,Home desk,Classroom",30.0,,,10.0,10.0,,,Extremely satisfied,Not applicable,Not applicable,Extremely satisfied,Moderately satisfied,Not applicable,Not applicable,,Moderately satisfied,Not applicable,Not applicable,Extremely satisfied,Neither satisfied nor dissatisfied,Not applicable,Not applicable,,Moderately satisfied,Not applicable,Not applicable,Moderately satisfied,Moderately satisfied,Not applicable,Not applicable,,Yes,Yes,Yes,Slightly,Very important
25/4/23 12:15,25/4/23 12:21,100,380,True,25/4/23 12:21,usk37,1996,Female,160,54.0,27.0,Yes,Slightly satisfied,4,Yes,3.0,4.0,5,6,5,5,4,6,4,5,3,4,6,3,Somewhat agree,Somewhat agree,Neither agree nor disagree,Somewhat agree,Neither agree nor disagree,Somewhat disagree,Somewhat disagree,Somewhat agree,Neither agree nor disagree,Somewhat agree,Somewhat agree,Neither agree nor disagree,Somewhat disagree,Somewhat disagree,Neither agree nor disagree,"Open-plan office,Home desk",,35.0,,10.0,,,,Not applicable,Slightly dissatisfied,Not applicable,Slightly satisfied,Not applicable,Not applicable,Not applicable,,Not applicable,Moderately dissatisfied,Not applicable,Moderately satisfied,Not applicable,Not applicable,Not applicable,,Not applicable,Slightly dissatisfied,Not applicable,Slightly satisfied,Not applicable,Not applicable,Not applicable,,No,Yes,Yes,Very,Extremely important
25/4/23 14:01,25/4/23 14:06,100,275,True,25/4/23 14:06,usk39,1996,Male,188,66.0,27.0,Yes,Extremely dissatisfied,5(Always),No,0.5,0.5,4,6,6,3,6,5,5,3,2,7 (Extremely),7 (Extremely),6,Somewhat agree,Agree,Agree,Somewhat agree,Somewhat agree,Disagree,Somewhat disagree,Agree,Somewhat agree,Agree,Strongly agree,Somewhat agree,Somewhat disagree,Agree,Somewhat agree,Home desk,,,,80.0,,,,Extremely satisfied,Not applicable,Not applicable,Extremely satisfied,Not applicable,Not applicable,Not applicable,,Not applicable,Not applicable,Not applicable,Extremely satisfied,Not applicable,Not applicable,Not applicable,,Not applicable,Not applicable,Not applicable,Slightly satisfied,Not applicable,Not applicable,Not applicable,,No,Yes,Yes,Extremely,Very important
25/4/23 13:59,25/4/23 14:09,100,611,True,25/4/23 14:09,usk38,1997,Male,171,86.0,26.0,Yes,Slightly dissatisfied,5(Always),No,3.0,4.0,3,3,2,6,6,6,3,6,6,7 (Extremely),3,5,Somewhat disagree,Neither agree nor disagree,Somewhat disagree,Somewhat agree,Disagree,Somewhat agree,Somewhat agree,Agree,Agree,Strongly agree,Neither agree nor disagree,Somewhat agree,Somewhat agree,Somewhat disagree,Somewhat disagree,"Hot-desking office,Others (Type of space + hours/week)",,,,,,26,16,Not applicable,Not applicable,Not applicable,Not applicable,Not applicable,Extremely satisfied,Slightly satisfied,Lab,Not applicable,Not applicable,Not applicable,Not applicable,Not applicable,Moderately satisfied,Slightly satisfied,Lab,Not applicable,Not applicable,Not applicable,Not applicable,Not applicable,Moderately satisfied,Slightly dissatisfied,Lab,Yes,Yes,Yes,Slightly,Slightly important
2/5/23 11:22,2/5/23 11:27,100,278,True,2/5/23 11:27,usk40,2000,Male,180,54.0,22.5,Yes,Moderately dissatisfied,4,No,3.0,4.0,6,5,5,4,4,4,3,4,4,4,5,4,Somewhat agree,Agree,Agree,Somewhat agree,Agree,Disagree,Strongly disagree,Somewhat agree,Disagree,Agree,Agree,Somewhat agree,Disagree,Agree,Neither agree nor disagree,"Private office,Home desk",16.0,,,24.0,,,,Neither satisfied nor dissatisfied,Not applicable,Not applicable,Slightly dissatisfied,Not applicable,Not applicable,Not applicable,,Moderately dissatisfied,Not applicable,Not applicable,Slightly dissatisfied,Not applicable,Not applicable,Not applicable,,Slightly satisfied,Not applicable,Not applicable,Slightly satisfied,Not applicable,Not applicable,Not applicable,,Yes,Yes,Yes,Moderately,Moderately important
2/5/23 11:46,2/5/23 11:54,100,434,True,2/5/23 11:54,usk41,1998,Male,178,100.0,25.0,Yes,Slightly satisfied,5(Always),No,2.0,4.0,5,6,2,4,2,5,3,4,3,3,5,2,Somewhat agree,Somewhat agree,Somewhat agree,Agree,Somewhat agree,Disagree,Somewhat disagree,Agree,Somewhat disagree,Neither agree nor disagree,Agree,Neither agree nor disagree,Strongly disagree,Somewhat agree,Agree,"Home desk,Others (Type of space + hours/week)",,,,10.0,,,"Lab, 35",Not applicable,Not applicable,Not applicable,Moderately satisfied,Not applicable,Not applicable,Neither satisfied nor dissatisfied,Lab,Not applicable,Not applicable,Not applicable,Moderately satisfied,Not applicable,Not applicable,Neither satisfied nor dissatisfied,Lab,Not applicable,Not applicable,Not applicable,Moderately satisfied,Not applicable,Not applicable,Neither satisfied nor dissatisfied,Lab,Yes,Yes,Yes,Moderately,Moderately important
2/5/23 12:17,2/5/23 12:25,100,471,True,2/5/23 12:25,usk42,1997,Male,180,75.0,0.5,Yes,Moderately satisfied,3,Yes,6.0,4.0,4,5,5,6,6,5,3,5,5,6,4,4,Somewhat agree,Somewhat agree,Agree,Somewhat agree,Somewhat agree,Agree,Somewhat disagree,Agree,Somewhat disagree,Agree,Somewhat disagree,Agree,Disagree,Strongly agree,Neither agree nor disagree,"Private office,Home desk",,20.0,,30.0,,,,Not applicable,Slightly satisfied,Not applicable,Moderately satisfied,Not applicable,Not applicable,Not applicable,,Not applicable,Moderately satisfied,Not applicable,Slightly dissatisfied,Not applicable,Not applicable,Not applicable,,Not applicable,Moderately satisfied,Not applicable,Extremely satisfied,Not applicable,Not applicable,Not applicable,,No,Yes,No,Very,Extremely important
2/5/23 12:43,2/5/23 12:48,100,321,True,2/5/23 12:48,usk43,2000,Female,151,43.0,23.0,Yes,Moderately satisfied,5(Always),Yes,20.0,4.0,6,6,5,6,6,4,1  (Not at All),4,4,6,4,6,Neither agree nor disagree,Neither agree nor disagree,Neither agree nor disagree,Neither agree nor disagree,Disagree,Neither agree nor disagree,Neither agree nor disagree,Neither agree nor disagree,Disagree,Strongly agree,Neither agree nor disagree,Somewhat agree,Somewhat agree,Neither agree nor disagree,Neither agree nor disagree,Others (Type of space + hours/week),,,,,,,"(30) 
Cafe",Not applicable,Not applicable,Not applicable,Not applicable,Not applicable,Not applicable,Slightly dissatisfied,Cafe,Not applicable,Not applicable,Not applicable,Not applicable,Not applicable,Not applicable,Neither satisfied nor dissatisfied,Cafe,Not applicable,Not applicable,Not applicable,Not applicable,Not applicable,Not applicable,Moderately dissatisfied,Cafe,Yes,Yes,Yes,Moderately,Slightly important
2/5/23 13:15,2/5/23 13:24,100,580,True,2/5/23 13:24,usk44,1999,Female,175,70.0,0.8,Yes,Slightly satisfied,3,No,1.0,3.0,4,3,5,4,4,6,5,6,4,6,7 (Extremely),3,Neither agree nor disagree,Agree,Agree,Agree,Somewhat agree,Somewhat agree,Disagree,Somewhat agree,Neither agree nor disagree,Somewhat agree,Somewhat agree,Strongly agree,Disagree,Somewhat agree,Somewhat disagree,"Cubicle office,Home desk,Others (Type of space + hours/week)",,,30.0,5.0,,,Labs+30,Not applicable,Not applicable,Extremely dissatisfied,Slightly dissatisfied,Not applicable,Not applicable,Moderately satisfied,Labs,Not applicable,Not applicable,Moderately dissatisfied,Extremely satisfied,Not applicable,Not applicable,Slightly satisfied,Labs,Not applicable,Not applicable,Slightly dissatisfied,Moderately satisfied,Not applicable,Not applicable,Slightly dissatisfied,Labs,Yes,Yes,Yes,Moderately,Moderately important
2/5/23 13:56,2/5/23 14:02,100,365,True,2/5/23 14:02,usk45,2000,Female,161,51.0,22.5,Yes,Slightly satisfied,3,Yes,4.0,2.0,5,4,3,6,7 (Extremely),4,4,5,3,4,4,3,Somewhat agree,Somewhat agree,Agree,Agree,Neither agree nor disagree,Somewhat agree,Agree,Strongly agree,Strongly agree,Agree,Somewhat agree,Agree,Somewhat disagree,Somewhat agree,Somewhat agree,Others (Type of space + hours/week),,,,,,,f&b space 10 hours,Not applicable,Not applicable,Not applicable,Not applicable,Not applicable,Not applicable,Slightly satisfied,f&b,Not applicable,Not applicable,Not applicable,Not applicable,Not applicable,Not applicable,Slightly satisfied,f&b,Not applicable,Not applicable,Not applicable,Not applicable,Not applicable,Not applicable,Slightly satisfied,f&b,Yes,Yes,Yes,Very,Very important
2/5/23 13:56,2/5/23 14:03,100,415,True,2/5/23 14:03,usk46,2000,Female,155,50.0,22.0,Yes,Slightly dissatisfied,5(Always),Yes,4.0,8.0,3,4,5,5,2,4,1  (Not at All),3,5,5,5,2,Somewhat agree,Somewhat agree,Disagree,Neither agree nor disagree,Agree,Somewhat disagree,Somewhat agree,Strongly agree,Somewhat disagree,Strongly agree,Somewhat agree,Agree,Agree,Neither agree nor disagree,Somewhat disagree,"Home desk,Hot-desking office",,,,10.0,,25,,Not applicable,Not applicable,Not applicable,Slightly satisfied,Not applicable,Neither satisfied nor dissatisfied,Not applicable,,Not applicable,Not applicable,Not applicable,Moderately satisfied,Not applicable,Moderately dissatisfied,Not applicable,,Not applicable,Not applicable,Not applicable,Moderately satisfied,Not applicable,Slightly satisfied,Not applicable,,Yes,Yes,Yes,Slightly,Moderately important
2/5/23 13:56,2/5/23 14:07,100,646,True,2/5/23 14:07,usk47,2002,Male,172,58.0,23.25,Yes,Slightly dissatisfied,5(Always),No,8.0,6.0,4,6,2,6,5,5,2,5,3,5,6,6,Somewhat disagree,Somewhat disagree,Somewhat disagree,Somewhat disagree,Somewhat disagree,Neither agree nor disagree,Somewhat disagree,Somewhat agree,Neither agree nor disagree,Agree,Agree,Agree,Neither agree nor disagree,Neither agree nor disagree,Somewhat agree,"Home desk,Classroom",,,,20.0,15.0,,,Not applicable,Not applicable,Not applicable,Moderately satisfied,Slightly satisfied,Not applicable,Not applicable,,Not applicable,Not applicable,Not applicable,Extremely satisfied,Moderately satisfied,Not applicable,Not applicable,,Not applicable,Not applicable,Not applicable,Neither satisfied nor dissatisfied,Moderately satisfied,Not applicable,Not applicable,,Yes,Yes,Yes,Not at all,Moderately important
2/5/23 14:32,2/5/23 14:38,100,370,True,2/5/23 14:38,usk48,2002,Female,163,49.0,21.0,Yes,Neither satisfied nor dissatisfied,4,Yes,2.0,22.0,2,1  (Not at All),3,5,5,7 (Extremely),3,5,5,5,7 (Extremely),3,Somewhat disagree,Somewhat disagree,Somewhat agree,Somewhat agree,Agree,Somewhat agree,Somewhat agree,Agree,Somewhat disagree,Agree,Disagree,Agree,Somewhat disagree,Somewhat agree,Disagree,Classroom,,,,,24.0,,,Not applicable,Not applicable,Not applicable,Not applicable,Extremely satisfied,Not applicable,Not applicable,,Not applicable,Not applicable,Not applicable,Not applicable,Slightly dissatisfied,Not applicable,Not applicable,,Not applicable,Not applicable,Not applicable,Not applicable,Slightly dissatisfied,Not applicable,Not applicable,,Yes,Yes,Yes,Slightly,Moderately important
2/5/23 15:45,2/5/23 16:02,100,1014,True,2/5/23 16:02,usk49,1963,Female,153,43.0,59.0,Yes,Extremely satisfied,3,Yes,4.0,4.0,6,2,5,3,5,5,5,3,3,7 (Extremely),6,3,Agree,Agree,Agree,Agree,Somewhat agree,Somewhat agree,Strongly disagree,Strongly agree,Disagree,Strongly agree,Somewhat agree,Strongly agree,Somewhat disagree,Strongly agree,Somewhat disagree,"Home desk,Others (Type of space + hours/week)",,,,15.0,,,"7 (Kitchen)
",Not applicable,Not applicable,Not applicable,Moderately satisfied,Not applicable,Not applicable,Moderately satisfied,,Not applicable,Not applicable,Not applicable,Moderately satisfied,Not applicable,Not applicable,Moderately satisfied,,Not applicable,Not applicable,Not applicable,Moderately satisfied,Not applicable,Not applicable,Slightly dissatisfied,,Yes,No,No,Not at all,Slightly important
2/5/23 15:57,2/5/23 16:04,100,437,True,2/5/23 16:04,usk50,2002,Female,154,47.0,21.0,No,Slightly dissatisfied,3,No,3.0,2.0,1  (Not at all),5,3,4,3,5,3,4,4,3,4,6,Neither agree nor disagree,Somewhat disagree,Somewhat disagree,Somewhat disagree,Disagree,Somewhat disagree,Somewhat agree,Somewhat agree,Somewhat agree,Somewhat agree,Somewhat disagree,Somewhat agree,Neither agree nor disagree,Somewhat disagree,Neither agree nor disagree,"Home desk,Classroom,Others (Type of space + hours/week)",,,,10.0,20.0,,"16 (Library, Cafe, Clinic) ",Not applicable,Not applicable,Not applicable,Slightly satisfied,Slightly satisfied,Not applicable,Neither satisfied nor dissatisfied,,Not applicable,Not applicable,Not applicable,Slightly dissatisfied,Slightly satisfied,Not applicable,Neither satisfied nor dissatisfied,,Not applicable,Not applicable,Not applicable,Slightly dissatisfied,Neither satisfied nor dissatisfied,Neither satisfied nor dissatisfied,Neither satisfied nor dissatisfied,,Yes,Yes,Yes,Slightly,Moderately important
3/5/23 11:09,3/5/23 11:15,100,357,True,3/5/23 11:15,usk51,2001,Female,168,57.0,21.0,Yes,Moderately dissatisfied,5(Always),Yes,5.0,4.0,5,4,4,5,4,5,2,5,4,5,4,4,Agree,Agree,Agree,Agree,Somewhat agree,Agree,Somewhat disagree,Somewhat agree,Somewhat agree,Agree,Disagree,Somewhat agree,Somewhat disagree,Neither agree nor disagree,Somewhat disagree,Classroom,,,,,20.0,,,Not applicable,Not applicable,Not applicable,Not applicable,Slightly satisfied,Not applicable,Not applicable,,Not applicable,Not applicable,Not applicable,Not applicable,Neither satisfied nor dissatisfied,Not applicable,Not applicable,,Not applicable,Not applicable,Not applicable,Not applicable,Neither satisfied nor dissatisfied,Not applicable,Not applicable,,Yes,Yes,Yes,Slightly,Very important
3/5/23 16:48,3/5/23 17:00,100,714,True,3/5/23 17:00,Usk52,1973,Female,155,55.0,49.0,Yes,Slightly dissatisfied,4,Yes,2.0,5.0,4,6,4,5,3,4,6,4,5,6,7 (Extremely),2,Strongly agree,Strongly agree,Strongly agree,Strongly agree,Strongly agree,Agree,Strongly disagree,Strongly agree,Disagree,Agree,Strongly disagree,Strongly agree,Strongly disagree,Agree,Strongly disagree,Cubicle office,,,40.0,,,,,Not applicable,Not applicable,Extremely satisfied,Not applicable,Not applicable,Not applicable,Not applicable,,Not applicable,Not applicable,Extremely satisfied,Not applicable,Not applicable,Not applicable,Not applicable,,Not applicable,Not applicable,Extremely satisfied,Not applicable,Not applicable,Not applicable,Not applicable,,No,No,No,Extremely,Extremely important
8/5/23 13:05,8/5/23 13:10,100,266,True,8/5/23 13:10,usk53,2001,Female,170,59.0,6.0,Yes,Neither satisfied nor dissatisfied,3,No,1.0,2.0,4,3,4,5,5,4,5,3,4,4,5,3,Somewhat disagree,Somewhat disagree,Somewhat disagree,Neither agree nor disagree,Strongly agree,Somewhat disagree,Somewhat agree,Agree,Somewhat agree,Neither agree nor disagree,Somewhat agree,Disagree,Strongly disagree,Strongly disagree,Neither agree nor disagree,"Home desk,Classroom",,,,20.0,10.0,,,Not applicable,Not applicable,Not applicable,Neither satisfied nor dissatisfied,Neither satisfied nor dissatisfied,Not applicable,Not applicable,,Not applicable,Not applicable,Not applicable,Neither satisfied nor dissatisfied,Neither satisfied nor dissatisfied,Not applicable,Not applicable,,Not applicable,Not applicable,Not applicable,Neither satisfied nor dissatisfied,Neither satisfied nor dissatisfied,Not applicable,Not applicable,,Yes,Yes,Yes,Slightly,Slightly important
9/5/23 14:56,9/5/23 15:02,100,374,True,9/5/23 15:02,usk54,1997,Male,185,90.0,26.0,Yes,Slightly satisfied,3,Yes,5.0,8.0,3,2,3,4,2,5,4,5,5,4,3,4,Somewhat disagree,Somewhat agree,Somewhat disagree,Disagree,Somewhat disagree,Agree,Somewhat agree,Agree,Disagree,Agree,Disagree,Somewhat agree,Disagree,Somewhat agree,Somewhat disagree,"Home desk,Others (Type of space + hours/week)",,,,20.0,,,"Gym, 8h/week",Not applicable,Not applicable,Not applicable,Slightly dissatisfied,Not applicable,Not applicable,Extremely dissatisfied,Gym,Not applicable,Not applicable,Not applicable,Moderately satisfied,Not applicable,Not applicable,Slightly dissatisfied,Gym,Not applicable,Not applicable,Not applicable,Slightly dissatisfied,Not applicable,Not applicable,Moderately satisfied,Gym,No,Yes,No,Slightly,Slightly important
15/5/23 11:21,15/5/23 11:38,100,1002,True,15/5/23 11:38,usk55,1987,Female,163,60.0,3.5,Yes,Slightly dissatisfied,4,No,3.0,4.0,4,6,5,5,5,5,3,3,4,6,6,5,Disagree,Somewhat disagree,Disagree,Somewhat disagree,Somewhat disagree,Somewhat disagree,Somewhat disagree,Agree,Somewhat agree,Agree,Somewhat agree,Agree,Strongly disagree,Somewhat disagree,Strongly disagree,Cubicle office,,,35.0,,,,,Not applicable,Not applicable,Slightly dissatisfied,Not applicable,Not applicable,Not applicable,Not applicable,,Not applicable,Not applicable,Moderately dissatisfied,Not applicable,Not applicable,Not applicable,Not applicable,,Not applicable,Not applicable,Slightly dissatisfied,Not applicable,Not applicable,Not applicable,Not applicable,,Yes,Yes,Yes,Moderately,Moderately important
15/5/23 12:17,15/5/23 12:25,100,532,True,15/5/23 12:25,usk56,2000,Male,169,102.0,23.0,Yes,Slightly satisfied,5(Always),Yes,8.0,8.0,5,3,5,5,6,4,2,4,5,6,3,5,Somewhat agree,Somewhat agree,Agree,Somewhat disagree,Neither agree nor disagree,Somewhat agree,Neither agree nor disagree,Somewhat agree,Somewhat disagree,Agree,Somewhat disagree,Somewhat agree,Neither agree nor disagree,Agree,Neither agree nor disagree,"Open-plan office,Others (Type of space + hours/week)",,15.0,,,,,25 (ambulance),Not applicable,Slightly satisfied,Not applicable,Not applicable,Not applicable,Not applicable,Neither satisfied nor dissatisfied,Ambulance,Not applicable,Slightly satisfied,Not applicable,Not applicable,Not applicable,Not applicable,Neither satisfied nor dissatisfied,Ambulance,Not applicable,Slightly satisfied,Not applicable,Not applicable,Not applicable,Not applicable,Moderately satisfied,Ambulance,Yes,Yes,No,Slightly,Moderately important
