id_participant,timestamp,This app is easy to use.,How often do you wear your watch in a week?,The notifications on the watch were annoying.,The notifications on the phone were annoying.,I answered the the question on the watch honestly.,The Cozie app feels fast and responsive.,The notifications helped to change my mind.,I changed my location after seeing the notifications.,"Overall, how satisfied are you with the Cozie app?",How would you rate the overall quality of the app?,How likely are you to recommend this app to a friend or colleague?,The noise and/or temperature intervention messages were helpful to me in understanding how to improve my indoor environmental satisfaction.,"Over the past week, I changed my location after receiving the noise intervention messages. ","Over the past week, I put on my earphones to mitigate noise distractions after receiving the noise intervention messages.","Over the past week, I changed my location, adjusted the thermostat, fan etc. to feel thermally comfortable after receiving the temperature intervention messages.",The intervention messages were annoying.,Extraversion,Agreeableness,Conscientiousness,Emotional Stability,Openness to Experience,swls,sensitivity
orenth01,2022-10-10 14:22:56.671000+00:00,Strongly disagree,40-50 hours,Neutral,Neutral,Strongly disagree,Strongly disagree,Somewhat agree,Very rarely,Very satisfied,Excellent,Likely,,,,,,3.5,6.0,3.0,5.5,3.0,22,4.25
orenth01,2022-10-20 01:44:32.965000+00:00,Strongly disagree,>50 hours,Strongly disagree,Strongly disagree,Strongly disagree,Agree,Agree,Rarely,Very satisfied,Good,Likely,,,,,,3.5,6.0,3.0,5.5,3.0,22,4.25
orenth01,2022-10-26 07:31:27.555000+00:00,Neutral,>50 hours,Agree,Agree,Strong Agree,Agree,Agree,Occasionally,Somewhat satisfied,Fair,Neutral,,,,,,3.5,6.0,3.0,5.5,3.0,22,4.25
orenth02,2022-10-12 01:13:47.044000+00:00,Agree,10-20 hours,Disagree,Neutral,Strong Agree,Agree,Agree,Rarely,Very satisfied,Fair,Likely,,,,,,4.5,3.5,5.0,5.5,4.0,26,4.666666666666667
orenth02,2022-10-17 01:01:01.540000+00:00,Strong Agree,<10 hours,Disagree,Neutral,Agree,Agree,Agree,Occasionally,Very satisfied,Good,Extremely likely,,,,,,4.5,3.5,5.0,5.5,4.0,26,4.666666666666667
orenth02,2022-10-18 04:00:47.730000+00:00,Strong Agree,<10 hours,Strong Agree,Neutral,Strong Agree,Agree,Agree,Occasionally,Very satisfied,Good,Extremely likely,,,,,,4.5,3.5,5.0,5.5,4.0,26,4.666666666666667
orenth02,2022-10-25 04:01:38.304000+00:00,Strong Agree,10-20 hours,Neutral,Neutral,Neutral,Neutral,Somewhat agree,Rarely,Very satisfied,Bad,Likely,,,,,,4.5,3.5,5.0,5.5,4.0,26,4.666666666666667
orenth02,2022-10-31 04:03:46.410000+00:00,Strongly disagree,10-20 hours,Neutral,Neutral,Neutral,Neutral,Neutral,Rarely,Very satisfied,Excellent,Extremely likely,,,,,,4.5,3.5,5.0,5.5,4.0,26,4.666666666666667
orenth02,2022-10-31 04:04:13.499000+00:00,Neutral,<10 hours,Neutral,Neutral,Neutral,Neutral,Neutral,Rarely,Extremly satisfied,Excellent,Extremely likely,,,,,,4.5,3.5,5.0,5.5,4.0,26,4.666666666666667
orenth03,2022-10-10 11:00:02.929000+00:00,Agree,>50 hours,Somewhat disagree,Somewhat disagree,Strong Agree,Somewhat agree,Neutral,Occasionally,Very satisfied,Good,Extremely likely,,,,,,2.0,5.5,3.0,2.5,4.5,20,4.5
orenth03,2022-10-20 05:58:23.456000+00:00,Strong Agree,>50 hours,Disagree,Disagree,Strong Agree,Somewhat agree,Somewhat agree,Occasionally,Very satisfied,Good,Extremely likely,,,,,,2.0,5.5,3.0,2.5,4.5,20,4.5
orenth03,2022-10-26 07:37:07.770000+00:00,Strong Agree,>50 hours,Somewhat disagree,Somewhat disagree,Agree,Agree,Somewhat agree,Occasionally,Very satisfied,Good,Likely,,,,,,2.0,5.5,3.0,2.5,4.5,20,4.5
orenth04,2022-10-12 03:44:37.217000+00:00,Somewhat disagree,40-50 hours,Disagree,Somewhat disagree,Strong Agree,Somewhat agree,Neutral,Never,Somewhat satisfied,Fair,Neutral,,,,,,3.0,5.5,4.0,3.0,4.5,18,5.25
orenth04,2022-10-23 04:29:12.833000+00:00,Somewhat disagree,40-50 hours,Disagree,Disagree,Strong Agree,Agree,Disagree,Very rarely,Somewhat satisfied,Fair,Unlikely,,,,,,3.0,5.5,4.0,3.0,4.5,18,5.25
orenth04,2022-11-03 10:06:18.638000+00:00,Somewhat disagree,10-20 hours,Disagree,Disagree,Strong Agree,Disagree,Disagree,Never,Not so satisfied,Fair,Unlikely,,,,,,3.0,5.5,4.0,3.0,4.5,18,5.25
orenth05,2022-10-23 11:00:11.359000+00:00,Strong Agree,>50 hours,Somewhat disagree,Disagree,Strong Agree,Neutral,Disagree,Rarely,Extremly satisfied,Good,Extremely likely,,,,,,4.0,4.5,4.0,4.0,4.5,24,4.333333333333333
orenth05,2022-10-29 16:12:29.548000+00:00,Strong Agree,>50 hours,Disagree,Disagree,Strong Agree,Strong Agree,Disagree,Rarely,Very satisfied,Good,Likely,,,,,,4.0,4.5,4.0,4.0,4.5,24,4.333333333333333
orenth05,2022-11-04 10:43:44.313000+00:00,Strong Agree,>50 hours,Disagree,Disagree,Strong Agree,Agree,Neutral,Rarely,Very satisfied,Good,Likely,,,,,,4.0,4.5,4.0,4.0,4.5,24,4.333333333333333
orenth05,2022-11-13 13:18:00.918000+00:00,Strong Agree,>50 hours,Disagree,Somewhat disagree,Strong Agree,Strong Agree,Neutral,Rarely,Very satisfied,Good,Likely,,,,,,4.0,4.5,4.0,4.0,4.5,24,4.333333333333333
orenth06,2022-10-20 01:44:14.293000+00:00,Strong Agree,10-20 hours,Disagree,Disagree,Agree,Agree,Neutral,Rarely,Very satisfied,Good,Likely,,,,,,3.5,6.0,4.0,4.5,4.5,27,3.75
orenth06,2022-10-26 06:14:13.537000+00:00,Strong Agree,10-20 hours,Disagree,Disagree,Agree,Agree,Agree,Rarely,Very satisfied,Excellent,Extremely likely,,,,,,3.5,6.0,4.0,4.5,4.5,27,3.75
orenth06,2022-11-02 01:14:33.271000+00:00,Strong Agree,>50 hours,Strongly disagree,Strongly disagree,Strong Agree,Strong Agree,Agree,Rarely,Extremly satisfied,Excellent,Extremely likely,,,,,,3.5,6.0,4.0,4.5,4.5,27,3.75
orenth07,2022-10-20 02:03:03.913000+00:00,Strong Agree,30-40 hours,Neutral,Somewhat disagree,Strong Agree,Strong Agree,Strong Agree,Never,Extremly satisfied,Excellent,Extremely likely,,,,,,1.5,4.0,3.5,1.5,5.5,12,5.166666666666667
orenth07,2022-10-26 07:13:22.249000+00:00,Strong Agree,40-50 hours,Somewhat agree,Neutral,Strong Agree,Strong Agree,Agree,Rarely,Extremly satisfied,Excellent,Extremely likely,,,,,,1.5,4.0,3.5,1.5,5.5,12,5.166666666666667
orenth07,2022-11-03 04:25:29.545000+00:00,Strong Agree,20-30 hours,Agree,Somewhat agree,Strong Agree,Strong Agree,Agree,Rarely,Extremly satisfied,Excellent,Extremely likely,,,,,,1.5,4.0,3.5,1.5,5.5,12,5.166666666666667
orenth08,2022-10-27 09:11:54.515000+00:00,Agree,40-50 hours,Neutral,Neutral,Strong Agree,Somewhat agree,Agree,Never,Very satisfied,Good,Neutral,,,,,,2.5,5.0,6.0,4.0,4.5,21,4.583333333333333
orenth08,2022-11-02 08:56:25.105000+00:00,Agree,>50 hours,Neutral,Neutral,Strong Agree,Agree,Disagree,Rarely,Somewhat satisfied,Good,Neutral,,,,,,2.5,5.0,6.0,4.0,4.5,21,4.583333333333333
orenth08,2022-11-09 07:17:33.704000+00:00,Agree,>50 hours,Neutral,Neutral,Strong Agree,Neutral,Disagree,Never,Somewhat satisfied,Fair,Neutral,,,,,,2.5,5.0,6.0,4.0,4.5,21,4.583333333333333
orenth08,2022-11-18 09:41:03.523000+00:00,Agree,>50 hours,Neutral,Neutral,Strong Agree,Agree,Somewhat disagree,Never,Somewhat satisfied,Fair,Neutral,,,,,,2.5,5.0,6.0,4.0,4.5,21,4.583333333333333
orenth09,2022-10-24 03:38:53.018000+00:00,Somewhat agree,20-30 hours,Somewhat disagree,Somewhat disagree,Strong Agree,Agree,Strongly disagree,Very rarely,Somewhat satisfied,Good,Likely,,,,,,4.0,4.5,5.0,4.0,5.0,29,5.333333333333333
orenth09,2022-11-01 02:44:42.532000+00:00,Agree,30-40 hours,Somewhat agree,Somewhat agree,Strong Agree,Agree,Neutral,Never,Very satisfied,Good,Likely,,,,,,4.0,4.5,5.0,4.0,5.0,29,5.333333333333333
orenth09,2022-11-21 15:04:33.205000+00:00,Agree,40-50 hours,Disagree,Strongly disagree,Agree,Agree,Neutral,Never,Very satisfied,Good,Likely,,,,,,4.0,4.5,5.0,4.0,5.0,29,5.333333333333333
orenth10,2022-11-02 00:37:03.639000+00:00,Somewhat agree,>50 hours,Neutral,Neutral,Strong Agree,Agree,Agree,Very rarely,Somewhat satisfied,Good,Likely,,,,,,3.5,5.0,7.0,2.5,3.5,19,6.0
orenth10,2022-11-08 10:20:36.154000+00:00,Agree,>50 hours,Neutral,Neutral,Strong Agree,Strong Agree,Somewhat agree,Never,Somewhat satisfied,Fair,Likely,,,,,,3.5,5.0,7.0,2.5,3.5,19,6.0
orenth11,2022-11-02 01:17:25.145000+00:00,Agree,10-20 hours,Disagree,Disagree,Agree,Somewhat agree,Neutral,Never,Somewhat satisfied,Good,Neutral,,,,,,5.0,6.0,5.5,4.0,5.5,28,3.5
orenth11,2022-11-09 01:14:18.013000+00:00,Agree,>50 hours,Disagree,Disagree,Agree,Agree,Neutral,Rarely,Somewhat satisfied,Good,Likely,,,,,,5.0,6.0,5.5,4.0,5.5,28,3.5
orenth12,2022-11-18 04:45:36.119000+00:00,Agree,40-50 hours,Disagree,Disagree,Strong Agree,Somewhat agree,Neutral,Never,Very satisfied,Excellent,Likely,,,,,,3.5,6.0,5.0,6.0,4.0,24,4.5
orenth12,2022-11-23 01:14:35.141000+00:00,Neutral,30-40 hours,,,,Agree,,,Very satisfied,Excellent,Likely,Agree,Often,Often,Often,Agree,3.5,6.0,5.0,6.0,4.0,24,4.5
orenth12,2022-11-25 05:09:51.624000+00:00,Agree,30-40 hours,,,,Agree,,,Very satisfied,Good,Likely,Agree,Often,Often,Always,Disgree,3.5,6.0,5.0,6.0,4.0,24,4.5
orenth12,2022-11-29 14:05:23.043000+00:00,Agree,30-40 hours,,,,Agree,,,Very satisfied,Good,Neutral,Agree,Often,Often,Often,Disgree,3.5,6.0,5.0,6.0,4.0,24,4.5
orenth13,2022-11-07 14:56:39.260000+00:00,Agree,30-40 hours,Somewhat disagree,Somewhat agree,Strong Agree,Strong Agree,Neutral,Rarely,Very satisfied,Excellent,Likely,,,,,,1.5,6.0,3.0,4.0,1.5,24,5.0
orenth13,2022-11-14 02:25:55.359000+00:00,Strong Agree,30-40 hours,Disagree,Disagree,Strong Agree,Agree,Somewhat disagree,Rarely,Very satisfied,Excellent,Likely,,,,,,1.5,6.0,3.0,4.0,1.5,24,5.0
orenth13,2022-11-21 08:43:48.911000+00:00,Strong Agree,30-40 hours,Somewhat disagree,Disagree,Strong Agree,Somewhat disagree,Somewhat agree,Rarely,Very satisfied,Excellent,Likely,,,,,,1.5,6.0,3.0,4.0,1.5,24,5.0
orenth14,2022-11-02 03:57:20.922000+00:00,Strong Agree,40-50 hours,Neutral,Neutral,Strong Agree,Strong Agree,Somewhat disagree,Rarely,Somewhat satisfied,Good,Likely,,,,,,4.5,5.0,6.0,4.0,5.5,24,4.916666666666667
orenth14,2022-11-09 07:12:55.693000+00:00,Strong Agree,>50 hours,Neutral,Neutral,Strong Agree,Strong Agree,Somewhat disagree,Never,Extremly satisfied,Good,Neutral,,,,,,4.5,5.0,6.0,4.0,5.5,24,4.916666666666667
orenth14,2022-11-18 06:57:55.521000+00:00,Agree,40-50 hours,Somewhat disagree,Somewhat disagree,Strong Agree,Agree,Somewhat agree,Rarely,Very satisfied,Good,Likely,,,,,,4.5,5.0,6.0,4.0,5.5,24,4.916666666666667
orenth14,2022-11-20 04:19:52.924000+00:00,Agree,40-50 hours,Somewhat disagree,Somewhat disagree,Agree,Strong Agree,Somewhat agree,Very rarely,Somewhat satisfied,Good,Neutral,,,,,,4.5,5.0,6.0,4.0,5.5,24,4.916666666666667
orenth14,2022-11-26 10:14:10.774000+00:00,Strongly agree,40-50 hours,,,,Agree,,,Very satisfied,Good,Likely,Agree,Seldom,Often,Often,Disgree,4.5,5.0,6.0,4.0,5.5,24,4.916666666666667
orenth15,2022-11-04 06:42:02.149000+00:00,Strong Agree,20-30 hours,Disagree,Disagree,Strong Agree,Agree,Neutral,Never,Very satisfied,Good,Neutral,,,,,,3.5,5.0,3.5,4.0,4.0,23,4.583333333333333
orenth15,2022-11-10 01:32:41.243000+00:00,Agree,20-30 hours,Neutral,Neutral,Agree,Agree,Disagree,Never,Very satisfied,Good,Neutral,,,,,,3.5,5.0,3.5,4.0,4.0,23,4.583333333333333
orenth15,2022-11-18 13:51:46.545000+00:00,Agree,20-30 hours,Neutral,Neutral,Agree,Neutral,Neutral,Never,Somewhat satisfied,Good,Neutral,,,,,,3.5,5.0,3.5,4.0,4.0,23,4.583333333333333
orenth15,2022-11-25 16:47:46.748000+00:00,Agree,20-30 hours,,,,Neutral,,,Somewhat satisfied,Good,Neutral,Disagree,Never,Never,Never,Neutral,3.5,5.0,3.5,4.0,4.0,23,4.583333333333333
orenth15,2022-11-30 07:01:14.398000+00:00,Agree,20-30 hours,,,,Neutral,,,Somewhat satisfied,Good,Neutral,Disagree,Never,Never,Never,Neutral,3.5,5.0,3.5,4.0,4.0,23,4.583333333333333
orenth16,2022-11-02 08:40:51.988000+00:00,Strong Agree,20-30 hours,Strongly disagree,Strongly disagree,Strong Agree,Agree,Strongly disagree,Never,Extremly satisfied,Good,Unlikely,,,,,,6.5,6.5,3.5,3.0,6.0,29,3.5
orenth16,2022-11-10 07:31:23.289000+00:00,Strong Agree,30-40 hours,Strongly disagree,Strongly disagree,Strong Agree,Strong Agree,Strongly disagree,Never,Extremly satisfied,Excellent,Extremely unlikely,,,,,,6.5,6.5,3.5,3.0,6.0,29,3.5
orenth16,2022-11-16 10:00:54.628000+00:00,Strong Agree,30-40 hours,Strongly disagree,Strongly disagree,Strong Agree,Strong Agree,Strongly disagree,Never,Extremly satisfied,Excellent,Extremely unlikely,,,,,,6.5,6.5,3.5,3.0,6.0,29,3.5
orenth16,2022-11-24 12:27:21.963000+00:00,Strongly agree,30-40 hours,,,,Strongly agree,,,Extremly satisfied,Excellent,Extremely unlikely,Strongly agree,No intervention messages received,No intervention messages received,Seldom,Strongly disagree,6.5,6.5,3.5,3.0,6.0,29,3.5
orenth16,2022-11-30 07:04:47.484000+00:00,Strongly agree,30-40 hours,,,,Strongly agree,,,Extremly satisfied,Excellent,Extremely unlikely,Strongly agree,Seldom,Never,Sometimes,Strongly disagree,6.5,6.5,3.5,3.0,6.0,29,3.5
orenth17,2022-11-11 16:40:40.319000+00:00,Somewhat agree,10-20 hours,Disagree,Disagree,Agree,Somewhat agree,Neutral,Never,Somewhat satisfied,Fair,Neutral,,,,,,3.0,5.0,5.0,2.5,4.5,24,5.416666666666667
orenth17,2022-11-18 02:02:37.870000+00:00,Agree,>50 hours,Strongly disagree,Disagree,Strong Agree,Agree,Disagree,Never,Very satisfied,Good,Neutral,,,,,,3.0,5.0,5.0,2.5,4.5,24,5.416666666666667
orenth17,2022-11-25 07:32:18.897000+00:00,Agree,40-50 hours,,,,Agree,,,Somewhat satisfied,Good,Neutral,Agree,Never,Never,Never,Disgree,3.0,5.0,5.0,2.5,4.5,24,5.416666666666667
orenth18,2022-11-11 08:00:57.503000+00:00,Agree,>50 hours,Neutral,Neutral,Agree,Agree,Neutral,Never,Very satisfied,Good,Unlikely,,,,,,6.0,4.0,4.0,6.0,5.0,28,3.9166666666666665
orenth18,2022-11-18 08:01:54.907000+00:00,Agree,>50 hours,Neutral,Neutral,Agree,Agree,Neutral,Never,Somewhat satisfied,Good,Neutral,,,,,,6.0,4.0,4.0,6.0,5.0,28,3.9166666666666665
orenth18,2022-11-25 01:15:27.548000+00:00,Agree,>50 hours,,,,Agree,,,Very satisfied,Good,Unlikely,Neutral,Never,Never,Seldom,Neutral,6.0,4.0,4.0,6.0,5.0,28,3.9166666666666665
orenth18,2022-11-29 13:23:14.762000+00:00,Agree,>50 hours,,,,Agree,,,Very satisfied,Good,Neutral,Agree,Never,Never,Never,Neutral,6.0,4.0,4.0,6.0,5.0,28,3.9166666666666665
orenth19,2022-11-09 01:16:44.302000+00:00,Somewhat agree,>50 hours,Neutral,Somewhat disagree,Strong Agree,Agree,Somewhat agree,Never,Somewhat satisfied,Good,Likely,,,,,,4.0,4.5,6.0,5.5,5.0,24,4.5
orenth19,2022-11-16 01:16:21.086000+00:00,Somewhat agree,40-50 hours,Somewhat agree,Somewhat disagree,Strong Agree,Agree,Neutral,Never,Somewhat satisfied,Good,Likely,,,,,,4.0,4.5,6.0,5.5,5.0,24,4.5
orenth19,2022-11-23 01:15:51.064000+00:00,Agree,>50 hours,,,,Agree,,,Somewhat satisfied,Good,Likely,Agree,Seldom,Never,Never,Neutral,4.0,4.5,6.0,5.5,5.0,24,4.5
orenth19,2022-11-30 03:01:42.025000+00:00,Agree,40-50 hours,,,,Agree,,,Very satisfied,Good,Likely,Agree,Never,Never,Seldom,Neutral,4.0,4.5,6.0,5.5,5.0,24,4.5
orenth20,2022-11-09 01:39:25.257000+00:00,Strong Agree,>50 hours,Strongly disagree,Strongly disagree,Strong Agree,Strong Agree,Strongly disagree,Never,Extremly satisfied,Good,Neutral,,,,,,3.5,4.5,6.0,5.0,5.0,31,4.583333333333333
orenth20,2022-11-16 02:30:24.685000+00:00,Strong Agree,>50 hours,Disagree,Disagree,Strong Agree,Agree,Disagree,Rarely,Somewhat satisfied,Excellent,Likely,,,,,,3.5,4.5,6.0,5.0,5.0,31,4.583333333333333
orenth20,2022-11-23 03:14:46.046000+00:00,Strongly agree,>50 hours,,,,Agree,,,Very satisfied,Good,Neutral,Agree,No intervention messages received,No intervention messages received,Never,Strongly disagree,3.5,4.5,6.0,5.0,5.0,31,4.583333333333333
orenth21,2022-11-08 06:10:36.406000+00:00,Strong Agree,>50 hours,Strongly disagree,Strongly disagree,Strong Agree,Strong Agree,Disagree,Never,Very satisfied,Good,Neutral,,,,,,6.0,5.5,6.5,4.0,4.5,25,5.166666666666667
orenth21,2022-11-09 01:29:43.030000+00:00,Agree,>50 hours,Strongly disagree,Strongly disagree,Strong Agree,Strong Agree,Strong Agree,Never,Very satisfied,Fair,Likely,,,,,,6.0,5.5,6.5,4.0,4.5,25,5.166666666666667
orenth21,2022-11-19 01:57:23.879000+00:00,Agree,>50 hours,Agree,Agree,Agree,Agree,Agree,Never,Somewhat satisfied,Good,Likely,,,,,,6.0,5.5,6.5,4.0,4.5,25,5.166666666666667
orenth21,2022-11-30 01:37:45.614000+00:00,Agree,>50 hours,,,,Neutral,,,Somewhat satisfied,Fair,Likely,Agree,No intervention messages received,No intervention messages received,No intervention messages received,No intervention messages received,6.0,5.5,6.5,4.0,4.5,25,5.166666666666667
orenth22,2022-11-09 02:40:41.159000+00:00,Agree,>50 hours,Disagree,Disagree,Agree,Neutral,Disagree,Very rarely,Very satisfied,Good,Unlikely,,,,,,1.5,4.0,5.0,6.0,4.5,23,4.0
orenth22,2022-11-23 01:15:50.109000+00:00,Agree,>50 hours,,,,Agree,,,Somewhat satisfied,Good,Likely,No intervention messages received,Never,No intervention messages received,No intervention messages received,No intervention messages received,1.5,4.0,5.0,6.0,4.5,23,4.0
orenth22,2022-12-07 11:12:00.917000+00:00,Agree,>50 hours,,,,Strongly agree,,,Very satisfied,Good,Likely,Neutral,Seldom,Never,Never,Strongly disagree,1.5,4.0,5.0,6.0,4.5,23,4.0
orenth23,2022-11-15 01:01:35.199000+00:00,Strong Agree,>50 hours,Strongly disagree,Strongly disagree,Strong Agree,Agree,Neutral,Never,Very satisfied,Excellent,Extremely likely,,,,,,3.5,4.5,6.0,5.0,5.0,28,4.583333333333333
orenth23,2022-11-20 09:08:36.912000+00:00,Strong Agree,>50 hours,Strongly disagree,Strongly disagree,Strong Agree,Agree,Neutral,Never,Very satisfied,Excellent,Extremely likely,,,,,,3.5,4.5,6.0,5.0,5.0,28,4.583333333333333
orenth23,2022-11-23 01:16:48.038000+00:00,Strongly agree,>50 hours,,,,Agree,,,Very satisfied,Good,Extremely likely,Agree,Never,Never,Never,Strongly disagree,3.5,4.5,6.0,5.0,5.0,28,4.583333333333333
orenth24,2022-11-17 03:26:54.881000+00:00,Somewhat disagree,>50 hours,Neutral,Neutral,Agree,Disagree,Disagree,Occasionally,Not so satisfied,Poor,Unlikely,,,,,,2.5,5.0,4.0,3.5,3.5,17,4.083333333333333
orenth24,2022-11-20 02:13:08.101000+00:00,Somewhat disagree,30-40 hours,Neutral,Neutral,Agree,Disagree,Disagree,Occasionally,Not so satisfied,Poor,Unlikely,,,,,,2.5,5.0,4.0,3.5,3.5,17,4.083333333333333
orenth25,2022-11-18 12:48:55.549000+00:00,Somewhat agree,>50 hours,Neutral,Somewhat agree,Strong Agree,Somewhat agree,Disagree,Never,Somewhat satisfied,Fair,Unlikely,,,,,,3.5,3.5,4.0,1.5,6.0,18,4.333333333333333
orenth25,2022-11-23 08:33:23.784000+00:00,Neutral,>50 hours,,,,Disgree,,,Somewhat satisfied,Fair,Unlikely,Disagree,Never,No intervention messages received,Never,Agree,3.5,3.5,4.0,1.5,6.0,18,4.333333333333333
orenth26,2022-11-19 03:57:10.559000+00:00,Strong Agree,20-30 hours,Disagree,Disagree,Strong Agree,Strong Agree,Disagree,Never,Very satisfied,Excellent,Likely,,,,,,5.5,7.0,5.5,2.0,3.0,22,4.333333333333333
orenth26,2022-11-30 13:06:49.250000+00:00,Strongly agree,20-30 hours,,,,Strongly agree,,,Extremly satisfied,Excellent,Extremely likely,Agree,No intervention messages received,No intervention messages received,No intervention messages received,No intervention messages received,5.5,7.0,5.5,2.0,3.0,22,4.333333333333333
orenth26,2022-12-10 07:00:59.755000+00:00,Strongly agree,10-20 hours,,,,Strongly agree,,,Extremly satisfied,Excellent,Likely,Agree,Sometimes,Sometimes,Often,Disgree,5.5,7.0,5.5,2.0,3.0,22,4.333333333333333
orenth26,2023-01-08 01:36:04.896000+00:00,Agree,30-40 hours,,,,Agree,,,Very satisfied,Excellent,Likely,Agree,Often,Often,Often,Disgree,5.5,7.0,5.5,2.0,3.0,22,4.333333333333333
orenth27,2022-11-17 09:20:25.799000+00:00,Somewhat agree,20-30 hours,Somewhat agree,Somewhat agree,Strong Agree,Agree,Agree,Rarely,Somewhat satisfied,Excellent,Extremely likely,,,,,,7.0,5.5,7.0,5.5,4.0,29,4.083333333333333
orenth27,2022-11-30 00:35:18.006000+00:00,Agree,30-40 hours,,,,Agree,,,Somewhat satisfied,Fair,Likely,Agree,Often,Sometimes,Often,Agree,7.0,5.5,7.0,5.5,4.0,29,4.083333333333333
orenth27,2022-12-11 06:44:17.081000+00:00,Strongly agree,20-30 hours,,,,Agree,,,Very satisfied,Good,Likely,Agree,Often,Often,Often,Agree,7.0,5.5,7.0,5.5,4.0,29,4.083333333333333
orenth27,2022-12-22 04:14:08.823000+00:00,Agree,10-20 hours,,,,Agree,,,Very satisfied,Good,Likely,Agree,Often,Often,Often,Agree,7.0,5.5,7.0,5.5,4.0,29,4.083333333333333
orenth27,2022-12-26 22:30:43.786000+00:00,Agree,10-20 hours,,,,Agree,,,Very satisfied,Good,Likely,Agree,Often,Often,Often,Agree,7.0,5.5,7.0,5.5,4.0,29,4.083333333333333
orenth27,2023-01-07 06:47:44.417000+00:00,Agree,10-20 hours,,,,Agree,,,Very satisfied,Good,Likely,Agree,Often,Often,Often,Agree,7.0,5.5,7.0,5.5,4.0,29,4.083333333333333
orenth27,2023-01-09 01:42:25.623000+00:00,Strongly agree,<10 hours,,,,Neutral,,,Very satisfied,Good,Likely,Agree,Often,Often,Often,Agree,7.0,5.5,7.0,5.5,4.0,29,4.083333333333333
orenth28,2022-11-16 03:50:08.583000+00:00,Agree,40-50 hours,Somewhat disagree,Somewhat disagree,Agree,Agree,Somewhat agree,Rarely,Very satisfied,Good,Likely,,,,,,7.0,6.0,6.0,6.0,5.5,15,3.4166666666666665
orenth28,2022-11-23 01:05:58.853000+00:00,Agree,<10 hours,,,,Agree,,,Very satisfied,Good,Likely,Agree,Often,Sometimes,Sometimes,Disgree,7.0,6.0,6.0,6.0,5.5,15,3.4166666666666665
orenth28,2022-11-26 09:02:38.733000+00:00,Agree,<10 hours,,,,Agree,,,Very satisfied,Excellent,Extremely likely,Agree,Sometimes,Often,Sometimes,Disgree,7.0,6.0,6.0,6.0,5.5,15,3.4166666666666665
orenth28,2022-11-29 03:44:21.789000+00:00,Strongly agree,<10 hours,,,,Agree,,,Very satisfied,Good,Likely,Agree,Sometimes,Often,Sometimes,Disgree,7.0,6.0,6.0,6.0,5.5,15,3.4166666666666665
orenth28,2022-12-02 05:15:56.854000+00:00,Agree,<10 hours,,,,Agree,,,Very satisfied,Good,Likely,Agree,Sometimes,Sometimes,Sometimes,Disgree,7.0,6.0,6.0,6.0,5.5,15,3.4166666666666665
orenth28,2022-12-05 02:49:20.576000+00:00,Agree,<10 hours,,,,Agree,,,Very satisfied,Good,Likely,Agree,Sometimes,Sometimes,Sometimes,Disgree,7.0,6.0,6.0,6.0,5.5,15,3.4166666666666665
orenth28,2022-12-07 02:48:13.740000+00:00,Agree,<10 hours,,,,Agree,,,Very satisfied,Good,Likely,Agree,Sometimes,Sometimes,Sometimes,Disgree,7.0,6.0,6.0,6.0,5.5,15,3.4166666666666665
orenth28,2022-12-14 01:15:13.421000+00:00,Agree,<10 hours,,,,Agree,,,Very satisfied,Good,Likely,Agree,Sometimes,Sometimes,Sometimes,Disgree,7.0,6.0,6.0,6.0,5.5,15,3.4166666666666665
orenth28,2022-12-21 01:20:05.358000+00:00,Agree,<10 hours,,,,Agree,,,Very satisfied,Good,Extremely likely,Agree,Seldom,Sometimes,Sometimes,Disgree,7.0,6.0,6.0,6.0,5.5,15,3.4166666666666665
orenth28,2022-12-28 02:16:46.134000+00:00,Agree,<10 hours,,,,Agree,,,Very satisfied,Good,Likely,Agree,Sometimes,Sometimes,Sometimes,Disgree,7.0,6.0,6.0,6.0,5.5,15,3.4166666666666665
orenth29,2022-11-29 00:40:22.065000+00:00,Strongly agree,30-40 hours,,,,Agree,,,Very satisfied,Excellent,Likely,Strongly agree,Often,Sometimes,Often,Disgree,5.0,5.0,6.0,5.0,5.0,27,3.75
orenth29,2022-11-30 14:37:06.153000+00:00,Strongly agree,>50 hours,,,,Agree,,,Very satisfied,Excellent,Likely,Agree,Sometimes,Sometimes,Often,Neutral,5.0,5.0,6.0,5.0,5.0,27,3.75
orenth29,2022-12-03 07:03:09.364000+00:00,Strongly agree,>50 hours,,,,Agree,,,Very satisfied,Good,Likely,Strongly agree,Sometimes,Seldom,Sometimes,Neutral,5.0,5.0,6.0,5.0,5.0,27,3.75
orenth29,2022-12-06 13:00:59.167000+00:00,Agree,>50 hours,,,,Agree,,,Very satisfied,Excellent,Likely,Strongly agree,Sometimes,Often,Sometimes,Neutral,5.0,5.0,6.0,5.0,5.0,27,3.75
orenth29,2022-12-08 13:01:11.809000+00:00,Agree,>50 hours,,,,Strongly agree,,,Very satisfied,Excellent,Likely,Agree,Sometimes,Sometimes,Often,Neutral,5.0,5.0,6.0,5.0,5.0,27,3.75
orenth29,2022-12-12 13:00:53.448000+00:00,Agree,>50 hours,,,,Agree,,,Very satisfied,Good,Likely,Agree,Sometimes,Sometimes,Sometimes,Agree,5.0,5.0,6.0,5.0,5.0,27,3.75
orenth29,2022-12-16 06:42:35.321000+00:00,Strongly agree,>50 hours,,,,Agree,,,Very satisfied,Excellent,Likely,Agree,Sometimes,Sometimes,Sometimes,Neutral,5.0,5.0,6.0,5.0,5.0,27,3.75
orenth29,2022-12-23 13:17:44.921000+00:00,Agree,>50 hours,,,,Agree,,,Very satisfied,Excellent,Likely,Agree,Sometimes,Seldom,Often,Neutral,5.0,5.0,6.0,5.0,5.0,27,3.75
orenth29,2022-12-24 13:01:32.218000+00:00,Agree,>50 hours,,,,Agree,,,Very satisfied,Good,Likely,Agree,Sometimes,Sometimes,Sometimes,Neutral,5.0,5.0,6.0,5.0,5.0,27,3.75
orenth29,2023-01-05 11:29:54.968000+00:00,Agree,>50 hours,,,,Agree,,,Very satisfied,Excellent,Likely,Strongly agree,Sometimes,Sometimes,Sometimes,Neutral,5.0,5.0,6.0,5.0,5.0,27,3.75
orenth29,2023-01-07 12:58:04.709000+00:00,Agree,>50 hours,,,,Agree,,,Very satisfied,Good,Likely,Agree,Sometimes,Seldom,Sometimes,Neutral,5.0,5.0,6.0,5.0,5.0,27,3.75
orenth29,2023-01-12 13:00:52.649000+00:00,Agree,>50 hours,,,,Agree,,,Very satisfied,Good,Likely,Agree,Sometimes,Sometimes,Sometimes,Neutral,5.0,5.0,6.0,5.0,5.0,27,3.75
orenth29,2023-01-15 04:00:50.573000+00:00,Agree,>50 hours,,,,Agree,,,Very satisfied,Good,Likely,Agree,Sometimes,Sometimes,Sometimes,Neutral,5.0,5.0,6.0,5.0,5.0,27,3.75
orenth31,2022-12-01 01:15:34.850000+00:00,Agree,>50 hours,,,,Neutral,,,Very satisfied,Fair,Neutral,Agree,Seldom,Seldom,Seldom,Strongly disagree,2.0,6.0,5.0,5.0,5.0,21,3.8333333333333335
orenth31,2022-12-20 05:11:18.703000+00:00,Agree,>50 hours,,,,Neutral,,,Somewhat satisfied,Good,Neutral,Agree,Sometimes,Sometimes,Sometimes,Disgree,2.0,6.0,5.0,5.0,5.0,21,3.8333333333333335
orenth31,2022-12-21 01:49:55.782000+00:00,Agree,>50 hours,,,,Neutral,,,Somewhat satisfied,Fair,Neutral,Neutral,Sometimes,Sometimes,Sometimes,Neutral,2.0,6.0,5.0,5.0,5.0,21,3.8333333333333335
orenth31,2023-01-09 06:26:21.414000+00:00,Neutral,>50 hours,,,,Neutral,,,Somewhat satisfied,Fair,Neutral,Neutral,Sometimes,Sometimes,Sometimes,Neutral,2.0,6.0,5.0,5.0,5.0,21,3.8333333333333335
orenth31,2023-01-11 01:04:17.162000+00:00,Neutral,>50 hours,,,,Neutral,,,Somewhat satisfied,Fair,Neutral,Agree,Sometimes,Sometimes,Sometimes,Neutral,2.0,6.0,5.0,5.0,5.0,21,3.8333333333333335
orenth31,2023-01-25 04:16:53.005000+00:00,Neutral,>50 hours,,,,Neutral,,,Somewhat satisfied,Fair,Neutral,Neutral,Sometimes,Sometimes,Sometimes,Neutral,2.0,6.0,5.0,5.0,5.0,21,3.8333333333333335
orenth31,2023-02-15 07:10:38.953000+00:00,Neutral,>50 hours,,,,Neutral,,,Somewhat satisfied,Fair,Neutral,Agree,Sometimes,Sometimes,Sometimes,Neutral,2.0,6.0,5.0,5.0,5.0,21,3.8333333333333335
orenth32,2022-11-30 00:48:24.818000+00:00,Strongly agree,10-20 hours,,,,Agree,,,Somewhat satisfied,Fair,Neutral,No intervention messages received,No intervention messages received,No intervention messages received,No intervention messages received,No intervention messages received,3.0,4.0,7.0,5.0,6.0,26,4.0
orenth32,2022-12-07 04:30:17.409000+00:00,Agree,>50 hours,,,,Agree,,,Somewhat satisfied,Fair,Neutral,No intervention messages received,No intervention messages received,No intervention messages received,No intervention messages received,No intervention messages received,3.0,4.0,7.0,5.0,6.0,26,4.0
orenth32,2022-12-14 04:56:15.503000+00:00,Agree,>50 hours,,,,Agree,,,Somewhat satisfied,Fair,Neutral,No intervention messages received,No intervention messages received,No intervention messages received,No intervention messages received,No intervention messages received,3.0,4.0,7.0,5.0,6.0,26,4.0
orenth32,2022-12-23 05:06:07.920000+00:00,Neutral,>50 hours,,,,Disgree,,,Somewhat satisfied,Fair,Neutral,Agree,Never,Never,Never,Strongly disagree,3.0,4.0,7.0,5.0,6.0,26,4.0
orenth32,2022-12-30 02:31:51.909000+00:00,Neutral,>50 hours,,,,Neutral,,,Somewhat satisfied,Fair,Likely,Agree,Seldom,Sometimes,Sometimes,Disgree,3.0,4.0,7.0,5.0,6.0,26,4.0
orenth33,2022-11-30 10:07:06.611000+00:00,Strongly agree,>50 hours,,,,Strongly agree,,,Very satisfied,Excellent,Likely,No intervention messages received,No intervention messages received,No intervention messages received,No intervention messages received,Disgree,3.5,4.5,6.0,3.0,3.5,20,5.666666666666667
orenth33,2022-12-09 16:38:13.879000+00:00,Agree,>50 hours,,,,Agree,,,Very satisfied,Excellent,Likely,Neutral,Sometimes,Sometimes,Sometimes,Strongly disagree,3.5,4.5,6.0,3.0,3.5,20,5.666666666666667
orenth33,2022-12-15 08:38:58.066000+00:00,Agree,40-50 hours,,,,Agree,,,Very satisfied,Excellent,Likely,Agree,Sometimes,Sometimes,Sometimes,Disgree,3.5,4.5,6.0,3.0,3.5,20,5.666666666666667
orenth33,2022-12-21 07:41:23.630000+00:00,Agree,40-50 hours,,,,Agree,,,Very satisfied,Excellent,Likely,Agree,Sometimes,Sometimes,Sometimes,Disgree,3.5,4.5,6.0,3.0,3.5,20,5.666666666666667
orenth33,2022-12-27 04:53:35.849000+00:00,Agree,>50 hours,,,,Agree,,,Very satisfied,Good,Likely,Agree,Sometimes,Seldom,Sometimes,Disgree,3.5,4.5,6.0,3.0,3.5,20,5.666666666666667
orenth34,2022-11-29 04:01:31.913000+00:00,Agree,<10 hours,,,,Agree,,,Very satisfied,Good,Likely,No intervention messages received,No intervention messages received,No intervention messages received,No intervention messages received,No intervention messages received,1.0,5.0,4.5,2.0,3.0,5,5.833333333333333
orenth34,2022-11-30 01:18:30.646000+00:00,Agree,10-20 hours,,,,Agree,,,Somewhat satisfied,Good,Likely,No intervention messages received,No intervention messages received,No intervention messages received,No intervention messages received,No intervention messages received,1.0,5.0,4.5,2.0,3.0,5,5.833333333333333
orenth34,2022-12-07 01:47:14.083000+00:00,Strongly agree,10-20 hours,,,,Agree,,,Very satisfied,Excellent,Likely,No intervention messages received,No intervention messages received,No intervention messages received,No intervention messages received,No intervention messages received,1.0,5.0,4.5,2.0,3.0,5,5.833333333333333
orenth34,2022-12-14 01:14:56.441000+00:00,Strongly agree,10-20 hours,,,,Agree,,,Very satisfied,Good,Likely,No intervention messages received,No intervention messages received,No intervention messages received,No intervention messages received,No intervention messages received,1.0,5.0,4.5,2.0,3.0,5,5.833333333333333
orenth34,2022-12-21 01:20:36.940000+00:00,Strongly agree,20-30 hours,,,,Strongly agree,,,Extremly satisfied,Excellent,Likely,Agree,Often,No intervention messages received,Always,Disgree,1.0,5.0,4.5,2.0,3.0,5,5.833333333333333
orenth34,2022-12-28 04:01:34.621000+00:00,Strongly agree,20-30 hours,,,,Agree,,,Very satisfied,Good,Likely,Strongly agree,No intervention messages received,No intervention messages received,Always,Disgree,1.0,5.0,4.5,2.0,3.0,5,5.833333333333333
orenth35,2022-11-30 03:59:52.186000+00:00,Agree,40-50 hours,,,,Agree,,,Somewhat satisfied,Good,Likely,Neutral,Sometimes,Sometimes,Often,Disgree,5.5,3.0,5.0,6.0,3.5,21,4.25
orenth35,2022-12-07 07:16:47.182000+00:00,Agree,20-30 hours,,,,Agree,,,Very satisfied,Good,Likely,Agree,Never,Seldom,Never,Strongly disagree,5.5,3.0,5.0,6.0,3.5,21,4.25
orenth35,2022-12-15 09:21:09.460000+00:00,Agree,20-30 hours,,,,Agree,,,Very satisfied,Good,Likely,Agree,Never,Sometimes,Never,Disgree,5.5,3.0,5.0,6.0,3.5,21,4.25
orenth35,2022-12-24 04:09:00.766000+00:00,Disgree,30-40 hours,,,,Agree,,,Very satisfied,Good,Neutral,Agree,Sometimes,Never,Never,Disgree,5.5,3.0,5.0,6.0,3.5,21,4.25
orenth35,2022-12-28 01:04:26.796000+00:00,Agree,20-30 hours,,,,Agree,,,Very satisfied,Good,Neutral,Agree,Seldom,Seldom,No intervention messages received,Disgree,5.5,3.0,5.0,6.0,3.5,21,4.25
orenth35,2023-01-02 10:16:08.905000+00:00,Agree,30-40 hours,,,,Agree,,,Very satisfied,Good,Neutral,Agree,Sometimes,Sometimes,Seldom,Strongly disagree,5.5,3.0,5.0,6.0,3.5,21,4.25
orenth36,2022-12-07 14:31:35.769000+00:00,Strongly agree,>50 hours,,,,Agree,,,Very satisfied,Good,Extremely likely,Strongly agree,Sometimes,Always,Often,Neutral,4.5,5.5,6.0,5.0,5.0,29,3.9166666666666665
orenth36,2022-12-07 14:33:43.050000+00:00,Strongly agree,>50 hours,,,,Agree,,,Extremly satisfied,Excellent,Extremely likely,Agree,Seldom,Seldom,Often,Agree,4.5,5.5,6.0,5.0,5.0,29,3.9166666666666665
orenth37,2022-12-06 01:51:33.558000+00:00,Agree,>50 hours,,,,Agree,,,Somewhat satisfied,Good,Neutral,No intervention messages received,No intervention messages received,No intervention messages received,No intervention messages received,No intervention messages received,1.0,5.5,4.0,5.5,4.0,25,3.6666666666666665
orenth37,2022-12-14 07:00:56.247000+00:00,Agree,>50 hours,,,,Agree,,,Somewhat satisfied,Good,Neutral,No intervention messages received,No intervention messages received,No intervention messages received,No intervention messages received,No intervention messages received,1.0,5.5,4.0,5.5,4.0,25,3.6666666666666665
orenth37,2022-12-19 01:18:41.684000+00:00,Agree,>50 hours,,,,Neutral,,,Somewhat satisfied,Good,Neutral,Neutral,No intervention messages received,No intervention messages received,Never,Disgree,1.0,5.5,4.0,5.5,4.0,25,3.6666666666666665
orenth38,2022-11-30 06:27:47.071000+00:00,Agree,>50 hours,,,,Neutral,,,Very satisfied,Good,Likely,No intervention messages received,No intervention messages received,No intervention messages received,No intervention messages received,No intervention messages received,3.0,4.0,6.0,3.5,5.0,29,4.0
orenth38,2022-12-03 01:12:35.884000+00:00,Agree,>50 hours,,,,Agree,,,Very satisfied,Good,Likely,No intervention messages received,No intervention messages received,No intervention messages received,No intervention messages received,No intervention messages received,3.0,4.0,6.0,3.5,5.0,29,4.0
orenth38,2022-12-06 02:09:11.900000+00:00,Agree,>50 hours,,,,Agree,,,Very satisfied,Good,Likely,No intervention messages received,No intervention messages received,No intervention messages received,No intervention messages received,No intervention messages received,3.0,4.0,6.0,3.5,5.0,29,4.0
orenth38,2022-12-09 03:45:13.186000+00:00,Agree,>50 hours,,,,Agree,,,Somewhat satisfied,Good,Likely,Neutral,Never,Never,Never,Strongly disagree,3.0,4.0,6.0,3.5,5.0,29,4.0
orenth38,2022-12-16 01:00:52.971000+00:00,Agree,>50 hours,,,,Agree,,,Very satisfied,Good,Likely,No intervention messages received,No intervention messages received,No intervention messages received,No intervention messages received,No intervention messages received,3.0,4.0,6.0,3.5,5.0,29,4.0
orenth38,2022-12-24 01:20:49.611000+00:00,Agree,>50 hours,,,,Agree,,,Very satisfied,Good,Likely,No intervention messages received,No intervention messages received,No intervention messages received,No intervention messages received,No intervention messages received,3.0,4.0,6.0,3.5,5.0,29,4.0
orenth39,2022-12-06 03:24:15.559000+00:00,Agree,>50 hours,,,,Agree,,,Very satisfied,Good,Likely,No intervention messages received,No intervention messages received,No intervention messages received,No intervention messages received,No intervention messages received,2.5,6.0,6.0,4.0,5.0,29,5.166666666666667
orenth39,2022-12-20 05:14:42.192000+00:00,Agree,30-40 hours,,,,Agree,,,Very satisfied,Good,Likely,Agree,Sometimes,Sometimes,Sometimes,Disgree,2.5,6.0,6.0,4.0,5.0,29,5.166666666666667
orenth40,2022-12-15 18:59:59.261000+00:00,Agree,>50 hours,,,,Agree,,,Somewhat satisfied,Good,Neutral,No intervention messages received,No intervention messages received,No intervention messages received,No intervention messages received,Neutral,1.5,3.5,5.0,4.5,4.0,17,4.833333333333333
orenth40,2022-12-23 09:01:35.623000+00:00,Agree,>50 hours,,,,Agree,,,Somewhat satisfied,Good,Neutral,Agree,Seldom,Seldom,Never,Neutral,1.5,3.5,5.0,4.5,4.0,17,4.833333333333333
orenth40,2022-12-30 09:07:04.855000+00:00,Agree,>50 hours,,,,Agree,,,Somewhat satisfied,Good,Neutral,Agree,Never,Never,Never,Neutral,1.5,3.5,5.0,4.5,4.0,17,4.833333333333333
orenth41,2022-12-04 05:25:24.061000+00:00,Strongly agree,>50 hours,,,,Strongly agree,,,Very satisfied,Excellent,Likely,Strongly agree,Sometimes,Seldom,Sometimes,Disgree,4.5,4.5,5.5,4.5,6.0,24,3.5833333333333335
orenth41,2022-12-09 02:45:52.110000+00:00,Strongly agree,>50 hours,,,,Strongly agree,,,Very satisfied,Excellent,Likely,Strongly agree,Sometimes,Seldom,Sometimes,Disgree,4.5,4.5,5.5,4.5,6.0,24,3.5833333333333335
orenth41,2022-12-16 04:44:49.399000+00:00,Strongly agree,>50 hours,,,,Agree,,,Very satisfied,Good,Neutral,Agree,Sometimes,Sometimes,Sometimes,Disgree,4.5,4.5,5.5,4.5,6.0,24,3.5833333333333335
orenth42,2022-12-09 01:03:57.328000+00:00,Neutral,>50 hours,,,,Agree,,,Somewhat satisfied,Fair,Neutral,Neutral,Seldom,Sometimes,Seldom,Neutral,4.5,6.0,4.5,6.0,4.5,21,4.166666666666667
orenth42,2022-12-16 02:56:48.773000+00:00,Neutral,40-50 hours,,,,Neutral,,,Somewhat satisfied,Fair,Neutral,Agree,Never,Seldom,Seldom,Neutral,4.5,6.0,4.5,6.0,4.5,21,4.166666666666667
orenth42,2022-12-26 00:16:45.783000+00:00,Neutral,40-50 hours,,,,Neutral,,,Somewhat satisfied,Fair,Neutral,Neutral,Seldom,Sometimes,Seldom,Neutral,4.5,6.0,4.5,6.0,4.5,21,4.166666666666667
orenth42,2022-12-30 03:14:25.088000+00:00,Neutral,40-50 hours,,,,Neutral,,,Somewhat satisfied,Fair,Neutral,Neutral,Sometimes,Sometimes,Sometimes,Neutral,4.5,6.0,4.5,6.0,4.5,21,4.166666666666667
orenth42,2023-01-06 04:43:18.567000+00:00,Neutral,40-50 hours,,,,Neutral,,,Somewhat satisfied,Fair,Neutral,Neutral,Sometimes,Sometimes,Sometimes,Neutral,4.5,6.0,4.5,6.0,4.5,21,4.166666666666667
orenth42,2023-01-11 01:05:24.459000+00:00,Neutral,40-50 hours,,,,Neutral,,,Somewhat satisfied,Fair,Neutral,Neutral,Sometimes,Sometimes,Sometimes,Neutral,4.5,6.0,4.5,6.0,4.5,21,4.166666666666667
orenth42,2023-01-17 04:04:15.692000+00:00,Neutral,40-50 hours,,,,Neutral,,,Somewhat satisfied,Fair,Neutral,Neutral,Sometimes,Sometimes,Sometimes,Neutral,4.5,6.0,4.5,6.0,4.5,21,4.166666666666667
orenth43,2022-12-07 04:01:45.217000+00:00,Strongly agree,40-50 hours,,,,Strongly agree,,,Extremly satisfied,Good,Likely,Agree,Never,Sometimes,Never,Disgree,4.5,5.0,3.0,4.0,4.0,17,4.25
orenth43,2022-12-14 03:20:33.169000+00:00,Strongly agree,30-40 hours,,,,Strongly agree,,,Very satisfied,Good,Likely,Agree,Never,Sometimes,Never,Disgree,4.5,5.0,3.0,4.0,4.0,17,4.25
orenth44,2022-12-13 06:24:58.926000+00:00,Agree,30-40 hours,,,,Agree,,,Very satisfied,Good,Likely,Agree,Often,Seldom,Often,Disgree,4.0,5.5,6.0,5.5,5.0,26,4.0
orenth44,2022-12-22 04:01:16.757000+00:00,Strongly agree,20-30 hours,,,,Neutral,,,Very satisfied,Good,Likely,Strongly agree,Sometimes,Seldom,Often,Disgree,4.0,5.5,6.0,5.5,5.0,26,4.0
orenth44,2022-12-28 12:15:22.769000+00:00,Agree,20-30 hours,,,,Agree,,,Somewhat satisfied,Good,Likely,Strongly agree,Often,Sometimes,Often,Disgree,4.0,5.5,6.0,5.5,5.0,26,4.0
orenth44,2023-01-04 01:04:57.358000+00:00,Agree,10-20 hours,,,,Strongly agree,,,Extremly satisfied,Excellent,Likely,Strongly agree,Sometimes,Seldom,Sometimes,Disgree,4.0,5.5,6.0,5.5,5.0,26,4.0
orenth44,2023-01-11 15:54:44.729000+00:00,Agree,20-30 hours,,,,Agree,,,Very satisfied,Good,Likely,Agree,Always,Sometimes,Often,Disgree,4.0,5.5,6.0,5.5,5.0,26,4.0
orenth45,2022-12-10 07:01:09.062000+00:00,Strongly agree,>50 hours,,,,Agree,,,Very satisfied,Good,Likely,No intervention messages received,No intervention messages received,No intervention messages received,No intervention messages received,No intervention messages received,4.0,5.0,4.0,3.5,4.5,21,4.416666666666667
orenth45,2022-12-16 01:20:43.024000+00:00,Agree,>50 hours,,,,Agree,,,Very satisfied,Good,Likely,No intervention messages received,No intervention messages received,No intervention messages received,No intervention messages received,No intervention messages received,4.0,5.0,4.0,3.5,4.5,21,4.416666666666667
orenth45,2022-12-21 01:24:45.376000+00:00,Agree,>50 hours,,,,Agree,,,Somewhat satisfied,Fair,Neutral,Agree,Sometimes,Sometimes,Sometimes,Disgree,4.0,5.0,4.0,3.5,4.5,21,4.416666666666667
orenth46,2022-12-07 13:28:02.430000+00:00,Agree,>50 hours,,,,Agree,,,Very satisfied,Good,Likely,No intervention messages received,No intervention messages received,No intervention messages received,No intervention messages received,No intervention messages received,6.0,6.0,4.0,3.5,3.0,19,4.333333333333333
orenth46,2022-12-16 03:43:53.762000+00:00,Strongly agree,>50 hours,,,,Agree,,,Extremly satisfied,Excellent,Likely,No intervention messages received,No intervention messages received,No intervention messages received,No intervention messages received,No intervention messages received,6.0,6.0,4.0,3.5,3.0,19,4.333333333333333
orenth48,2022-12-14 01:20:45.779000+00:00,Agree,>50 hours,,,,Agree,,,Somewhat satisfied,Good,Likely,Neutral,No intervention messages received,No intervention messages received,No intervention messages received,No intervention messages received,3.5,5.0,5.0,3.0,5.0,19,4.583333333333333
orenth48,2022-12-26 10:20:03.345000+00:00,Agree,>50 hours,,,,Neutral,,,Somewhat satisfied,Fair,Neutral,No intervention messages received,No intervention messages received,No intervention messages received,No intervention messages received,No intervention messages received,3.5,5.0,5.0,3.0,5.0,19,4.583333333333333
orenth48,2023-01-01 03:33:15.429000+00:00,Neutral,>50 hours,,,,Neutral,,,Not so satisfied,Fair,Neutral,Neutral,Never,Never,Never,Disgree,3.5,5.0,5.0,3.0,5.0,19,4.583333333333333
orenth48,2023-01-27 01:02:01.094000+00:00,Neutral,>50 hours,,,,Neutral,,,Not so satisfied,Fair,Neutral,Neutral,Never,Never,Never,Neutral,3.5,5.0,5.0,3.0,5.0,19,4.583333333333333
orenth48,2023-02-01 07:37:14.442000+00:00,Neutral,>50 hours,,,,Neutral,,,Not so satisfied,Fair,Neutral,Neutral,Never,Never,Never,Neutral,3.5,5.0,5.0,3.0,5.0,19,4.583333333333333
orenth49,2023-01-03 09:48:50.190000+00:00,Strongly agree,20-30 hours,,,,Agree,,,Very satisfied,Good,Likely,No intervention messages received,No intervention messages received,No intervention messages received,No intervention messages received,No intervention messages received,2.5,4.5,2.5,5.0,5.5,15,3.75
orenth49,2023-01-09 00:20:20.605000+00:00,Agree,10-20 hours,,,,Agree,,,Very satisfied,Good,Likely,No intervention messages received,No intervention messages received,No intervention messages received,No intervention messages received,No intervention messages received,2.5,4.5,2.5,5.0,5.5,15,3.75
orenth49,2023-01-11 11:58:17.181000+00:00,Agree,10-20 hours,,,,Agree,,,Very satisfied,Good,Likely,No intervention messages received,No intervention messages received,No intervention messages received,No intervention messages received,No intervention messages received,2.5,4.5,2.5,5.0,5.5,15,3.75
orenth49,2023-01-19 02:30:24.576000+00:00,Agree,<10 hours,,,,Agree,,,Very satisfied,Good,Likely,No intervention messages received,No intervention messages received,No intervention messages received,No intervention messages received,No intervention messages received,2.5,4.5,2.5,5.0,5.5,15,3.75
orenth50,2022-12-24 04:38:24.868000+00:00,Agree,20-30 hours,,,,Agree,,,Very satisfied,Good,Neutral,No intervention messages received,No intervention messages received,No intervention messages received,No intervention messages received,No intervention messages received,5.0,6.0,5.5,6.0,4.0,23,3.9166666666666665
orenth50,2023-01-06 07:21:56.340000+00:00,Agree,40-50 hours,,,,Agree,,,Somewhat satisfied,Fair,Neutral,Agree,Sometimes,Never,Sometimes,Neutral,5.0,6.0,5.5,6.0,4.0,23,3.9166666666666665
orenth50,2023-01-11 02:18:13.076000+00:00,Agree,40-50 hours,,,,Strongly agree,,,Very satisfied,Good,Neutral,No intervention messages received,No intervention messages received,No intervention messages received,No intervention messages received,No intervention messages received,5.0,6.0,5.5,6.0,4.0,23,3.9166666666666665
usk01,2023-04-01 14:14:05.420000+00:00,Agree,>50 hours,,,,Agree,,,Somewhat satisfied,Good,Neutral,Neutral,Seldom,Sometimes,No intervention messages received,Neutral,4.0,4.5,5.5,5.0,5.5,26,4.916666666666667
usk01,2023-04-08 05:26:33.945000+00:00,Agree,>50 hours,,,,Agree,,,Somewhat satisfied,Good,Likely,Neutral,Never,Seldom,Never,Neutral,4.0,4.5,5.5,5.0,5.5,26,4.916666666666667
usk01,2023-04-12 03:44:24.593000+00:00,Neutral,>50 hours,,,,Agree,,,Not so satisfied,Fair,Unlikely,Neutral,Seldom,Sometimes,Sometimes,Agree,4.0,4.5,5.5,5.0,5.5,26,4.916666666666667
usk01,2023-04-23 16:47:21.897000+00:00,Neutral,>50 hours,,,,Neutral,,,Somewhat satisfied,Fair,Unlikely,Neutral,Seldom,Sometimes,Sometimes,Strongly agree,4.0,4.5,5.5,5.0,5.5,26,4.916666666666667
usk02,2023-04-02 08:51:33.496000+00:00,Strongly agree,30-40 hours,,,,Strongly agree,,,Very satisfied,Excellent,Extremely likely,Neutral,Never,Never,Never,Neutral,2.5,5.0,4.5,5.0,4.0,22,4.333333333333333
usk02,2023-04-08 05:30:35.074000+00:00,Strongly agree,30-40 hours,,,,Strongly agree,,,Very satisfied,Excellent,Likely,Neutral,Never,Never,Never,Neutral,2.5,5.0,4.5,5.0,4.0,22,4.333333333333333
usk02,2023-04-13 01:36:02.860000+00:00,Agree,20-30 hours,,,,Agree,,,Somewhat satisfied,Good,Likely,Agree,Never,Never,Never,Neutral,2.5,5.0,4.5,5.0,4.0,22,4.333333333333333
usk03,2023-04-04 06:09:56.387000+00:00,Strongly agree,10-20 hours,,,,Strongly agree,,,Somewhat satisfied,Good,Likely,Disagree,Never,Seldom,Sometimes,Disgree,2.0,4.5,3.0,4.5,4.0,27,4.5
usk03,2023-04-07 06:14:24.102000+00:00,Agree,10-20 hours,,,,Strongly agree,,,Very satisfied,Good,Neutral,Disagree,Never,Often,Never,Agree,2.0,4.5,3.0,4.5,4.0,27,4.5
usk03,2023-04-14 14:24:50.825000+00:00,Agree,10-20 hours,,,,Agree,,,Somewhat satisfied,Good,Likely,Disagree,Never,Never,Never,Neutral,2.0,4.5,3.0,4.5,4.0,27,4.5
usk03,2023-04-19 15:44:23.394000+00:00,Strongly agree,10-20 hours,,,,Agree,,,Very satisfied,Good,Neutral,Agree,Seldom,Sometimes,Seldom,Neutral,2.0,4.5,3.0,4.5,4.0,27,4.5
usk03,2023-04-21 10:23:07.011000+00:00,Agree,10-20 hours,,,,Agree,,,Somewhat satisfied,Good,Likely,Agree,Seldom,No intervention messages received,Seldom,Neutral,2.0,4.5,3.0,4.5,4.0,27,4.5
usk03,2023-04-26 01:04:27.139000+00:00,Agree,40-50 hours,,,,Agree,,,Very satisfied,Good,Neutral,Agree,Seldom,No intervention messages received,Sometimes,Disgree,2.0,4.5,3.0,4.5,4.0,27,4.5
usk03,2023-04-28 08:55:42.877000+00:00,Agree,40-50 hours,,,,Strongly agree,,,Very satisfied,Good,Neutral,Disagree,No intervention messages received,No intervention messages received,Seldom,Agree,2.0,4.5,3.0,4.5,4.0,27,4.5
usk04,2023-03-30 07:01:50.909000+00:00,Neutral,30-40 hours,,,,Neutral,,,Somewhat satisfied,Fair,Neutral,Disagree,Never,Never,Never,Disgree,4.0,5.0,4.5,6.0,4.5,24,3.4166666666666665
usk04,2023-04-08 05:25:27.453000+00:00,Agree,30-40 hours,,,,Neutral,,,Somewhat satisfied,Fair,Neutral,Disagree,Never,Never,Never,Disgree,4.0,5.0,4.5,6.0,4.5,24,3.4166666666666665
usk04,2023-04-10 10:59:30.898000+00:00,Agree,30-40 hours,,,,Agree,,,Somewhat satisfied,Fair,Neutral,Disagree,Never,Never,Never,Disgree,4.0,5.0,4.5,6.0,4.5,24,3.4166666666666665
usk04,2023-04-17 01:52:05.089000+00:00,Agree,20-30 hours,,,,Agree,,,Somewhat satisfied,Fair,Neutral,Disagree,Never,Never,Never,Neutral,4.0,5.0,4.5,6.0,4.5,24,3.4166666666666665
usk04,2023-04-21 05:47:40.294000+00:00,Neutral,10-20 hours,,,,Neutral,,,Somewhat satisfied,Fair,Neutral,Disagree,Never,Never,Never,Disgree,4.0,5.0,4.5,6.0,4.5,24,3.4166666666666665
usk05,2023-03-29 02:11:15.884000+00:00,Agree,>50 hours,,,,Neutral,,,Somewhat satisfied,Fair,Unlikely,Agree,Never,No intervention messages received,Never,Neutral,3.0,6.0,3.5,3.5,4.5,30,5.0
usk05,2023-04-04 06:36:38.946000+00:00,Agree,10-20 hours,,,,Agree,,,Very satisfied,Good,Neutral,Agree,Never,No intervention messages received,Never,Neutral,3.0,6.0,3.5,3.5,4.5,30,5.0
usk05,2023-04-05 03:20:10.066000+00:00,Agree,10-20 hours,,,,Agree,,,Very satisfied,Good,Likely,Neutral,Never,No intervention messages received,Never,Neutral,3.0,6.0,3.5,3.5,4.5,30,5.0
usk05,2023-04-12 10:26:39.666000+00:00,Agree,>50 hours,,,,Agree,,,Very satisfied,Good,Neutral,Agree,Never,No intervention messages received,Never,Disgree,3.0,6.0,3.5,3.5,4.5,30,5.0
usk05,2023-04-19 06:37:54.722000+00:00,Agree,40-50 hours,,,,Agree,,,Very satisfied,Good,Likely,Agree,Never,No intervention messages received,Never,Neutral,3.0,6.0,3.5,3.5,4.5,30,5.0
usk06,2023-04-03 02:41:23.660000+00:00,Agree,40-50 hours,,,,Strongly agree,,,Very satisfied,Excellent,Likely,Strongly agree,Sometimes,Seldom,Often,Disgree,2.0,5.5,5.0,6.0,4.0,22,3.8333333333333335
usk06,2023-04-08 05:30:02.909000+00:00,Strongly agree,40-50 hours,,,,Agree,,,Very satisfied,Good,Likely,Strongly agree,Sometimes,Seldom,Often,Agree,2.0,5.5,5.0,6.0,4.0,22,3.8333333333333335
usk06,2023-04-13 05:12:36.847000+00:00,Agree,40-50 hours,,,,Agree,,,Somewhat satisfied,Good,Likely,Agree,Sometimes,Sometimes,Often,Agree,2.0,5.5,5.0,6.0,4.0,22,3.8333333333333335
usk07,2023-04-07 01:19:11.119000+00:00,Strongly agree,30-40 hours,,,,Strongly agree,,,Somewhat satisfied,Good,Likely,Neutral,No intervention messages received,Never,Sometimes,Agree,4.0,4.0,6.0,4.5,5.0,26,3.75
usk07,2023-04-08 07:39:02.827000+00:00,Strongly agree,30-40 hours,,,,Strongly agree,,,Somewhat satisfied,Good,Likely,Neutral,Never,Never,No intervention messages received,Neutral,4.0,4.0,6.0,4.5,5.0,26,3.75
usk07,2023-04-15 04:31:21.363000+00:00,Strongly agree,30-40 hours,,,,Strongly agree,,,Very satisfied,Good,Likely,Disagree,Never,Never,Never,Neutral,4.0,4.0,6.0,4.5,5.0,26,3.75
usk07,2023-04-21 06:31:36.622000+00:00,Strongly agree,30-40 hours,,,,Strongly agree,,,Very satisfied,Good,Likely,Neutral,Never,Never,Never,Neutral,4.0,4.0,6.0,4.5,5.0,26,3.75
usk07,2023-04-29 04:39:42.529000+00:00,Strongly agree,20-30 hours,,,,Strongly agree,,,Very satisfied,Excellent,Likely,Disagree,Never,Never,Sometimes,Strongly disagree,4.0,4.0,6.0,4.5,5.0,26,3.75
usk07,2023-05-05 05:15:44.638000+00:00,Agree,30-40 hours,,,,Strongly agree,,,Very satisfied,Good,Extremely likely,Agree,Never,Sometimes,Sometimes,Disgree,4.0,4.0,6.0,4.5,5.0,26,3.75
usk07,2023-05-10 21:16:37.208000+00:00,Strongly agree,30-40 hours,,,,Strongly agree,,,Very satisfied,Good,Likely,Neutral,Never,Never,Sometimes,Disgree,4.0,4.0,6.0,4.5,5.0,26,3.75
usk08,2023-04-05 13:53:00.176000+00:00,Strongly agree,>50 hours,,,,Agree,,,Very satisfied,Good,Likely,Disagree,Never,Seldom,Seldom,Neutral,4.5,3.0,4.5,5.0,6.0,31,5.25
usk08,2023-04-08 05:58:52.498000+00:00,Agree,>50 hours,,,,Agree,,,Very satisfied,Good,Likely,Disagree,Never,Seldom,Never,Agree,4.5,3.0,4.5,5.0,6.0,31,5.25
usk08,2023-04-15 10:49:37.657000+00:00,Agree,>50 hours,,,,Agree,,,Very satisfied,Good,Likely,Disagree,Seldom,Never,Never,Agree,4.5,3.0,4.5,5.0,6.0,31,5.25
usk08,2023-04-20 10:01:14.169000+00:00,Agree,40-50 hours,,,,Agree,,,Very satisfied,Good,Likely,Strongly disagree,Never,Never,Never,Neutral,4.5,3.0,4.5,5.0,6.0,31,5.25
usk08,2023-04-26 07:19:07.396000+00:00,Agree,40-50 hours,,,,Agree,,,Very satisfied,Excellent,Likely,Disagree,Never,Never,Never,Neutral,4.5,3.0,4.5,5.0,6.0,31,5.25
usk08,2023-05-02 06:01:33.716000+00:00,Agree,>50 hours,,,,Agree,,,Very satisfied,Good,Likely,Disagree,Never,Never,Never,Neutral,4.5,3.0,4.5,5.0,6.0,31,5.25
usk08,2023-05-07 06:51:48.729000+00:00,Agree,>50 hours,,,,Agree,,,Very satisfied,Good,Likely,Disagree,Never,Never,Never,Neutral,4.5,3.0,4.5,5.0,6.0,31,5.25
usk09,2023-03-29 01:05:05.332000+00:00,Neutral,30-40 hours,,,,Disgree,,,Somewhat satisfied,Fair,Unlikely,Agree,Never,Never,Seldom,Neutral,6.0,6.0,5.5,5.5,6.5,25,3.0833333333333335
usk09,2023-04-07 02:09:57.872000+00:00,Agree,40-50 hours,,,,Neutral,,,Somewhat satisfied,Fair,Unlikely,Disagree,Never,Often,Seldom,Neutral,6.0,6.0,5.5,5.5,6.5,25,3.0833333333333335
usk09,2023-04-13 12:47:09.061000+00:00,Neutral,30-40 hours,,,,Disgree,,,Not so satisfied,Good,Neutral,Agree,Seldom,Never,Seldom,Neutral,6.0,6.0,5.5,5.5,6.5,25,3.0833333333333335
usk09,2023-04-21 08:38:51.886000+00:00,Agree,40-50 hours,,,,Disgree,,,Somewhat satisfied,Fair,Neutral,Neutral,Seldom,Often,Often,Neutral,6.0,6.0,5.5,5.5,6.5,25,3.0833333333333335
usk09,2023-04-29 04:38:29.166000+00:00,Neutral,30-40 hours,,,,Disgree,,,Somewhat satisfied,Good,Neutral,Neutral,Never,Sometimes,Seldom,Neutral,6.0,6.0,5.5,5.5,6.5,25,3.0833333333333335
usk09,2023-05-07 02:08:04.712000+00:00,Neutral,40-50 hours,,,,Neutral,,,Somewhat satisfied,Fair,Neutral,Neutral,Never,Seldom,Sometimes,Disgree,6.0,6.0,5.5,5.5,6.5,25,3.0833333333333335
usk10,2023-04-08 05:19:01.979000+00:00,Agree,30-40 hours,,,,Agree,,,Somewhat satisfied,Good,Neutral,Neutral,Never,Never,Never,Agree,5.0,4.5,3.0,4.5,4.0,26,4.583333333333333
usk10,2023-04-12 10:04:07.671000+00:00,Agree,40-50 hours,,,,Agree,,,Very satisfied,Good,Neutral,Neutral,Never,Never,Seldom,Agree,5.0,4.5,3.0,4.5,4.0,26,4.583333333333333
usk10,2023-04-19 01:04:11.534000+00:00,Agree,30-40 hours,,,,Agree,,,Somewhat satisfied,Good,Likely,Neutral,Seldom,Never,Seldom,Agree,5.0,4.5,3.0,4.5,4.0,26,4.583333333333333
usk10,2023-04-24 09:00:27.047000+00:00,Agree,30-40 hours,,,,Agree,,,Somewhat satisfied,Good,Unlikely,Disagree,Never,Never,Never,Agree,5.0,4.5,3.0,4.5,4.0,26,4.583333333333333
usk10,2023-05-03 09:00:37.411000+00:00,Agree,30-40 hours,,,,Agree,,,Somewhat satisfied,Good,Neutral,Strongly disagree,Sometimes,Never,Never,Agree,5.0,4.5,3.0,4.5,4.0,26,4.583333333333333
usk10,2023-05-09 02:24:16.955000+00:00,Agree,30-40 hours,,,,Agree,,,Somewhat satisfied,Good,Neutral,Disagree,Seldom,Never,Never,Agree,5.0,4.5,3.0,4.5,4.0,26,4.583333333333333
usk10,2023-05-11 05:05:05.758000+00:00,Agree,30-40 hours,,,,Agree,,,Very satisfied,Good,Likely,Disagree,Never,Never,Never,Agree,5.0,4.5,3.0,4.5,4.0,26,4.583333333333333
usk10,2023-05-13 04:50:38.993000+00:00,Agree,30-40 hours,,,,Agree,,,Very satisfied,Fair,Neutral,Disagree,Never,Never,Seldom,Neutral,5.0,4.5,3.0,4.5,4.0,26,4.583333333333333
usk10,2023-05-17 01:01:05.343000+00:00,Agree,40-50 hours,,,,Agree,,,Very satisfied,Good,Neutral,Strongly disagree,Never,Never,Never,Agree,5.0,4.5,3.0,4.5,4.0,26,4.583333333333333
usk11,2023-04-08 06:04:23.216000+00:00,Agree,10-20 hours,,,,Agree,,,Very satisfied,Fair,Likely,Neutral,No intervention messages received,No intervention messages received,No intervention messages received,No intervention messages received,4.5,4.0,5.0,5.0,5.0,21,5.083333333333333
usk11,2023-04-17 06:01:08.873000+00:00,Agree,10-20 hours,,,,Neutral,,,Very satisfied,Fair,Likely,Neutral,No intervention messages received,No intervention messages received,Seldom,Neutral,4.5,4.0,5.0,5.0,5.0,21,5.083333333333333
usk11,2023-04-22 06:54:25.458000+00:00,Agree,10-20 hours,,,,Neutral,,,Somewhat satisfied,Fair,Likely,Agree,Sometimes,Seldom,Seldom,Disgree,4.5,4.0,5.0,5.0,5.0,21,5.083333333333333
usk11,2023-04-29 10:50:35.654000+00:00,Agree,10-20 hours,,,,Agree,,,Very satisfied,Good,Likely,Agree,Sometimes,Often,Seldom,Disgree,4.5,4.0,5.0,5.0,5.0,21,5.083333333333333
usk13,2023-04-06 00:54:41.542000+00:00,Agree,>50 hours,,,,Agree,,,Very satisfied,Good,Neutral,Neutral,Sometimes,Never,Never,Neutral,5.5,4.5,5.5,4.0,5.0,24,4.75
usk13,2023-04-14 04:05:05.109000+00:00,Agree,10-20 hours,,,,Agree,,,Somewhat satisfied,Good,Neutral,Neutral,Never,Never,Never,Neutral,5.5,4.5,5.5,4.0,5.0,24,4.75
usk13,2023-04-18 11:01:48.545000+00:00,Agree,10-20 hours,,,,Agree,,,Somewhat satisfied,Good,Neutral,Neutral,Never,Never,Never,Neutral,5.5,4.5,5.5,4.0,5.0,24,4.75
usk14,2023-04-05 01:06:55.437000+00:00,Strongly agree,40-50 hours,,,,Agree,,,Somewhat satisfied,Good,Neutral,Agree,Seldom,Seldom,Seldom,Disgree,3.5,5.5,5.5,4.5,5.0,24,4.75
usk14,2023-04-13 08:07:53.549000+00:00,Agree,40-50 hours,,,,Agree,,,Very satisfied,Good,Likely,Agree,Seldom,Sometimes,Sometimes,Disgree,3.5,5.5,5.5,4.5,5.0,24,4.75
usk15,2023-04-05 06:05:47.470000+00:00,Strongly agree,40-50 hours,,,,Agree,,,Very satisfied,Good,Likely,Agree,No intervention messages received,No intervention messages received,Never,Disgree,4.0,3.5,6.5,3.0,5.5,23,4.75
usk15,2023-04-13 08:03:13.495000+00:00,Agree,>50 hours,,,,Agree,,,Somewhat satisfied,Fair,Likely,Agree,No intervention messages received,No intervention messages received,Sometimes,Disgree,4.0,3.5,6.5,3.0,5.5,23,4.75
usk15,2023-04-24 14:03:33.021000+00:00,Agree,10-20 hours,,,,Neutral,,,Somewhat satisfied,Good,Likely,Agree,Sometimes,Never,Always,Agree,4.0,3.5,6.5,3.0,5.5,23,4.75
usk15,2023-04-30 13:50:59.970000+00:00,Agree,10-20 hours,,,,Agree,,,Very satisfied,Good,Likely,Agree,Sometimes,Sometimes,Sometimes,Neutral,4.0,3.5,6.5,3.0,5.5,23,4.75
usk15,2023-05-03 02:17:07.406000+00:00,Agree,10-20 hours,,,,Agree,,,Very satisfied,Good,Likely,Agree,Sometimes,Sometimes,Sometimes,Neutral,4.0,3.5,6.5,3.0,5.5,23,4.75
usk15,2023-05-07 07:54:09.004000+00:00,Agree,20-30 hours,,,,Agree,,,Somewhat satisfied,Good,Likely,Agree,Seldom,Sometimes,Sometimes,Agree,4.0,3.5,6.5,3.0,5.5,23,4.75
usk15,2023-05-14 09:19:49.232000+00:00,Agree,30-40 hours,,,,Agree,,,Very satisfied,Good,Likely,Agree,Never,Sometimes,Always,Neutral,4.0,3.5,6.5,3.0,5.5,23,4.75
usk15,2023-05-16 10:02:35.240000+00:00,Agree,10-20 hours,,,,Agree,,,Very satisfied,Good,Likely,Agree,Sometimes,Sometimes,Sometimes,Neutral,4.0,3.5,6.5,3.0,5.5,23,4.75
usk16,2023-04-13 04:59:26.041000+00:00,Agree,>50 hours,,,,Strongly agree,,,Extremly satisfied,Good,Likely,Neutral,Seldom,Sometimes,Seldom,Neutral,3.5,4.0,4.5,3.0,5.0,23,6.0
usk16,2023-04-15 00:47:07.743000+00:00,Strongly agree,>50 hours,,,,Strongly agree,,,Very satisfied,Excellent,Extremely likely,Neutral,Seldom,Seldom,Seldom,Neutral,3.5,4.0,4.5,3.0,5.0,23,6.0
usk16,2023-04-22 07:20:51.113000+00:00,Agree,>50 hours,,,,Strongly agree,,,Somewhat satisfied,Good,Neutral,Disagree,Seldom,Sometimes,Seldom,Agree,3.5,4.0,4.5,3.0,5.0,23,6.0
usk17,2023-04-15 03:31:55.782000+00:00,Strongly agree,>50 hours,,,,Agree,,,Very satisfied,Good,Likely,Agree,Never,Never,Never,Disgree,3.0,3.0,6.0,6.5,5.0,19,4.5
usk17,2023-04-22 07:21:06.535000+00:00,Agree,>50 hours,,,,Agree,,,Very satisfied,Good,Likely,Agree,Sometimes,Sometimes,Sometimes,Neutral,3.0,3.0,6.0,6.5,5.0,19,4.5
usk17,2023-04-30 01:26:38.091000+00:00,Agree,>50 hours,,,,Agree,,,Very satisfied,Good,Likely,Agree,Sometimes,Sometimes,Sometimes,Disgree,3.0,3.0,6.0,6.5,5.0,19,4.5
usk18,2023-04-15 08:44:48.207000+00:00,Agree,>50 hours,,,,Agree,,,Somewhat satisfied,Fair,Neutral,Agree,No intervention messages received,No intervention messages received,No intervention messages received,No intervention messages received,4.0,5.5,3.0,4.0,5.0,10,4.666666666666667
usk18,2023-04-22 15:24:45.874000+00:00,Agree,40-50 hours,,,,Agree,,,Somewhat satisfied,Fair,Likely,No intervention messages received,No intervention messages received,No intervention messages received,No intervention messages received,No intervention messages received,4.0,5.5,3.0,4.0,5.0,10,4.666666666666667
usk18,2023-04-30 05:34:18.699000+00:00,Agree,>50 hours,,,,Neutral,,,Somewhat satisfied,Fair,Neutral,No intervention messages received,No intervention messages received,No intervention messages received,No intervention messages received,No intervention messages received,4.0,5.5,3.0,4.0,5.0,10,4.666666666666667
usk18,2023-05-06 13:05:52.608000+00:00,Agree,>50 hours,,,,Agree,,,Somewhat satisfied,Fair,Neutral,No intervention messages received,No intervention messages received,No intervention messages received,No intervention messages received,No intervention messages received,4.0,5.5,3.0,4.0,5.0,10,4.666666666666667
usk19,2023-04-15 05:09:03.365000+00:00,Strongly agree,30-40 hours,,,,Agree,,,Very satisfied,Excellent,Likely,Neutral,Never,No intervention messages received,Never,Disgree,1.5,4.0,5.5,3.5,6.0,24,6.166666666666667
usk19,2023-04-24 10:23:51.807000+00:00,Agree,40-50 hours,,,,Agree,,,Somewhat satisfied,Good,Likely,Agree,Seldom,No intervention messages received,Seldom,Neutral,1.5,4.0,5.5,3.5,6.0,24,6.166666666666667
usk19,2023-04-30 13:26:02.379000+00:00,Agree,40-50 hours,,,,Agree,,,Very satisfied,Good,Likely,Agree,Never,Never,Never,Disgree,1.5,4.0,5.5,3.5,6.0,24,6.166666666666667
usk19,2023-05-07 14:58:41.406000+00:00,Agree,30-40 hours,,,,Agree,,,Very satisfied,Good,Likely,Agree,Never,Never,Never,Neutral,1.5,4.0,5.5,3.5,6.0,24,6.166666666666667
usk19,2023-05-12 07:10:21.749000+00:00,Agree,20-30 hours,,,,Agree,,,Somewhat satisfied,Good,Likely,Agree,Never,Never,Never,Disgree,1.5,4.0,5.5,3.5,6.0,24,6.166666666666667
usk19,2023-05-19 15:22:46.152000+00:00,Agree,<10 hours,,,,Agree,,,Very satisfied,Good,Likely,Agree,Never,Never,Never,Neutral,1.5,4.0,5.5,3.5,6.0,24,6.166666666666667
usk19,2023-05-25 08:00:26.604000+00:00,Agree,<10 hours,,,,Agree,,,Somewhat satisfied,Good,Likely,Agree,Never,Never,Sometimes,Neutral,1.5,4.0,5.5,3.5,6.0,24,6.166666666666667
usk20,2023-04-14 10:02:50.630000+00:00,Neutral,>50 hours,,,,Agree,,,Somewhat satisfied,Fair,Neutral,Neutral,Never,Seldom,Never,Agree,4.0,6.0,4.5,4.0,5.0,22,4.083333333333333
usk20,2023-04-17 09:11:25.220000+00:00,Agree,40-50 hours,,,,Agree,,,Somewhat satisfied,Good,Neutral,Neutral,Never,Sometimes,Never,Neutral,4.0,6.0,4.5,4.0,5.0,22,4.083333333333333
usk20,2023-04-19 01:44:49.998000+00:00,Agree,>50 hours,,,,Agree,,,Not so satisfied,Fair,Neutral,Agree,Never,Seldom,Never,Neutral,4.0,6.0,4.5,4.0,5.0,22,4.083333333333333
usk20,2023-04-25 02:22:15.566000+00:00,Agree,>50 hours,,,,Disgree,,,Somewhat satisfied,Fair,Neutral,Neutral,Seldom,Seldom,Seldom,Neutral,4.0,6.0,4.5,4.0,5.0,22,4.083333333333333
usk20,2023-04-28 03:10:20.058000+00:00,Neutral,>50 hours,,,,Disgree,,,Somewhat satisfied,Fair,Neutral,Agree,Never,Seldom,Never,Neutral,4.0,6.0,4.5,4.0,5.0,22,4.083333333333333
usk21,2023-04-15 09:19:39.957000+00:00,Agree,>50 hours,,,,Neutral,,,Somewhat satisfied,Good,Neutral,Disagree,Never,Never,Never,Agree,5.5,3.5,6.5,4.0,4.0,19,5.25
usk21,2023-04-21 12:00:54.696000+00:00,Agree,30-40 hours,,,,Agree,,,Somewhat satisfied,Good,Unlikely,Disagree,Never,Never,Never,Agree,5.5,3.5,6.5,4.0,4.0,19,5.25
usk21,2023-05-13 10:33:50.221000+00:00,Agree,40-50 hours,,,,Neutral,,,Somewhat satisfied,Fair,Unlikely,Agree,Never,Never,Never,Agree,5.5,3.5,6.5,4.0,4.0,19,5.25
usk22,2023-04-13 05:01:08.860000+00:00,Neutral,>50 hours,,,,Agree,,,Somewhat satisfied,Good,Likely,Strongly agree,Sometimes,Always,Often,Agree,1.5,4.0,6.5,5.0,6.0,15,4.583333333333333
usk22,2023-04-22 06:47:27.526000+00:00,Strongly agree,>50 hours,,,,Strongly agree,,,Extremly satisfied,Excellent,Extremely likely,Strongly agree,Sometimes,Always,Often,Agree,1.5,4.0,6.5,5.0,6.0,15,4.583333333333333
usk22,2023-04-30 06:33:17.581000+00:00,Strongly agree,>50 hours,,,,Agree,,,Very satisfied,Good,Likely,Strongly agree,Seldom,Always,Often,Agree,1.5,4.0,6.5,5.0,6.0,15,4.583333333333333
usk23,2023-04-15 04:27:36.444000+00:00,Strongly agree,20-30 hours,,,,Strongly agree,,,Extremly satisfied,Excellent,Likely,Strongly agree,No intervention messages received,No intervention messages received,Often,Disgree,5.5,4.0,6.0,5.5,3.0,33,4.083333333333333
usk23,2023-04-21 02:21:30.753000+00:00,Strongly agree,>50 hours,,,,Strongly agree,,,Extremly satisfied,Excellent,Likely,Agree,Often,Seldom,Often,Disgree,5.5,4.0,6.0,5.5,3.0,33,4.083333333333333
usk23,2023-05-01 04:02:43.143000+00:00,Strongly agree,>50 hours,,,,Strongly agree,,,Extremly satisfied,Excellent,Likely,No intervention messages received,No intervention messages received,No intervention messages received,No intervention messages received,No intervention messages received,5.5,4.0,6.0,5.5,3.0,33,4.083333333333333
usk24,2023-04-15 08:32:09.737000+00:00,Agree,40-50 hours,,,,Agree,,,Very satisfied,Good,Likely,Agree,Sometimes,No intervention messages received,Sometimes,Disgree,4.5,5.5,5.0,6.0,4.5,24,3.5833333333333335
usk24,2023-04-22 19:31:32.800000+00:00,Agree,>50 hours,,,,Agree,,,Very satisfied,Good,Likely,Agree,Seldom,Seldom,Often,Disgree,4.5,5.5,5.0,6.0,4.5,24,3.5833333333333335
usk25,2023-04-19 03:35:49.464000+00:00,Agree,>50 hours,,,,Agree,,,Somewhat satisfied,Fair,Unlikely,Disagree,Never,Seldom,Never,Neutral,2.5,4.5,5.0,2.5,4.0,14,4.166666666666667
usk25,2023-04-28 03:31:56.216000+00:00,Agree,>50 hours,,,,Agree,,,Somewhat satisfied,Fair,Extremely unlikely,Strongly disagree,Never,Never,Never,Agree,2.5,4.5,5.0,2.5,4.0,14,4.166666666666667
usk25,2023-05-01 03:16:20.217000+00:00,Strongly agree,>50 hours,,,,Strongly agree,,,Somewhat satisfied,Good,Extremely unlikely,Strongly disagree,Never,Never,Never,Agree,2.5,4.5,5.0,2.5,4.0,14,4.166666666666667
usk26,2023-04-19 01:06:47.873000+00:00,Agree,40-50 hours,,,,Agree,,,Very satisfied,Good,Likely,Neutral,Never,Never,Never,Disgree,3.5,4.5,5.5,4.0,5.0,22,3.25
usk26,2023-05-03 01:04:24.496000+00:00,Agree,10-20 hours,,,,Agree,,,Very satisfied,Good,Likely,Neutral,Never,Never,Never,Neutral,3.5,4.5,5.5,4.0,5.0,22,3.25
usk26,2023-05-07 05:04:30.030000+00:00,Disgree,10-20 hours,,,,Agree,,,Very satisfied,Good,Likely,Disagree,Seldom,Sometimes,Seldom,Disgree,3.5,4.5,5.5,4.0,5.0,22,3.25
usk26,2023-05-10 01:12:04.306000+00:00,Agree,10-20 hours,,,,Agree,,,Very satisfied,Good,Likely,Neutral,Seldom,Never,Seldom,Neutral,3.5,4.5,5.5,4.0,5.0,22,3.25
usk26,2023-05-17 01:05:36.423000+00:00,Agree,10-20 hours,,,,Agree,,,Very satisfied,Good,Likely,Agree,Seldom,Seldom,Seldom,Neutral,3.5,4.5,5.5,4.0,5.0,22,3.25
usk26,2023-05-21 02:55:45.077000+00:00,Agree,10-20 hours,,,,Agree,,,Very satisfied,Good,Likely,Neutral,Never,Never,Never,Neutral,3.5,4.5,5.5,4.0,5.0,22,3.25
usk27,2023-04-17 07:18:02.629000+00:00,Agree,40-50 hours,,,,Agree,,,Very satisfied,Good,Extremely likely,Agree,Sometimes,Sometimes,Often,Disgree,3.5,4.5,5.0,5.0,4.5,25,3.5
usk27,2023-04-27 10:05:20.206000+00:00,Agree,40-50 hours,,,,Strongly agree,,,Extremly satisfied,Good,Extremely likely,Agree,Sometimes,Sometimes,Often,Strongly disagree,3.5,4.5,5.0,5.0,4.5,25,3.5
usk27,2023-05-07 14:08:23.424000+00:00,Agree,>50 hours,,,,Agree,,,Very satisfied,Excellent,Extremely likely,Agree,Often,Often,Often,Strongly disagree,3.5,4.5,5.0,5.0,4.5,25,3.5
usk28,2023-04-22 14:03:25.843000+00:00,Agree,>50 hours,,,,Agree,,,Very satisfied,Good,Neutral,Disagree,Seldom,Sometimes,Seldom,Disgree,4.5,3.5,3.5,6.0,6.0,28,4.666666666666667
usk28,2023-04-29 12:21:02.903000+00:00,Agree,>50 hours,,,,Agree,,,Somewhat satisfied,Fair,Neutral,Disagree,Seldom,Seldom,Seldom,Disgree,4.5,3.5,3.5,6.0,6.0,28,4.666666666666667
usk28,2023-05-08 02:16:27.871000+00:00,Agree,40-50 hours,,,,Agree,,,Somewhat satisfied,Good,Likely,Neutral,Seldom,Seldom,Sometimes,Disgree,4.5,3.5,3.5,6.0,6.0,28,4.666666666666667
usk28,2023-05-14 06:33:13.162000+00:00,Agree,>50 hours,,,,Agree,,,Very satisfied,Good,Likely,Agree,Sometimes,Sometimes,Sometimes,Disgree,4.5,3.5,3.5,6.0,6.0,28,4.666666666666667
usk28,2023-05-21 07:49:37.999000+00:00,Agree,>50 hours,,,,Agree,,,Very satisfied,Good,Likely,Agree,Often,Often,Often,Disgree,4.5,3.5,3.5,6.0,6.0,28,4.666666666666667
usk28,2023-05-28 08:13:19.738000+00:00,Agree,>50 hours,,,,Agree,,,Very satisfied,Good,Likely,Agree,Sometimes,Sometimes,Sometimes,Disgree,4.5,3.5,3.5,6.0,6.0,28,4.666666666666667
usk29,2023-04-21 10:11:50.489000+00:00,Agree,>50 hours,,,,Neutral,,,Somewhat satisfied,Fair,Neutral,Neutral,No intervention messages received,No intervention messages received,Sometimes,Neutral,3.0,5.0,5.0,5.5,5.0,23,4.333333333333333
usk29,2023-04-28 04:47:53.347000+00:00,Agree,40-50 hours,,,,Agree,,,Somewhat satisfied,Good,Neutral,Neutral,Seldom,No intervention messages received,Sometimes,Neutral,3.0,5.0,5.0,5.5,5.0,23,4.333333333333333
usk29,2023-05-05 01:04:57.078000+00:00,Agree,40-50 hours,,,,Agree,,,Somewhat satisfied,Good,Neutral,Agree,Seldom,Never,Seldom,Neutral,3.0,5.0,5.0,5.5,5.0,23,4.333333333333333
usk30,2023-04-22 06:49:31.850000+00:00,Agree,>50 hours,,,,Disgree,,,Somewhat satisfied,Fair,Neutral,Agree,Never,Never,Never,Neutral,3.5,5.0,6.0,4.5,4.5,15,4.583333333333333
usk30,2023-04-29 04:45:08.091000+00:00,Agree,40-50 hours,,,,Neutral,,,Somewhat satisfied,Good,Neutral,Agree,Never,Never,Never,Agree,3.5,5.0,6.0,4.5,4.5,15,4.583333333333333
usk30,2023-05-06 01:01:16.629000+00:00,Agree,40-50 hours,,,,Agree,,,Very satisfied,Fair,Neutral,Agree,Never,Never,Never,Agree,3.5,5.0,6.0,4.5,4.5,15,4.583333333333333
usk30,2023-05-13 15:50:11.682000+00:00,Agree,30-40 hours,,,,Agree,,,Somewhat satisfied,Fair,Neutral,No intervention messages received,No intervention messages received,No intervention messages received,No intervention messages received,No intervention messages received,3.5,5.0,6.0,4.5,4.5,15,4.583333333333333
usk31,2023-04-22 06:52:57.013000+00:00,Agree,>50 hours,,,,Agree,,,Somewhat satisfied,Good,Neutral,Neutral,Seldom,Seldom,Seldom,Disgree,5.5,4.0,3.5,3.5,5.5,13,4.583333333333333
usk31,2023-04-28 02:10:27.019000+00:00,Agree,>50 hours,,,,Agree,,,Somewhat satisfied,Fair,Neutral,Neutral,Seldom,Never,Seldom,Neutral,5.5,4.0,3.5,3.5,5.5,13,4.583333333333333
usk31,2023-05-07 05:50:40.610000+00:00,Neutral,>50 hours,,,,Agree,,,Somewhat satisfied,Fair,Unlikely,Agree,Seldom,Never,Seldom,Neutral,5.5,4.0,3.5,3.5,5.5,13,4.583333333333333
usk31,2023-05-12 04:01:23.933000+00:00,Agree,30-40 hours,,,,Agree,,,Somewhat satisfied,Fair,Unlikely,Neutral,Seldom,Seldom,Seldom,Neutral,5.5,4.0,3.5,3.5,5.5,13,4.583333333333333
usk31,2023-05-14 10:01:16.454000+00:00,Agree,30-40 hours,,,,Agree,,,Somewhat satisfied,Fair,Neutral,Neutral,Seldom,Never,Seldom,Disgree,5.5,4.0,3.5,3.5,5.5,13,4.583333333333333
usk31,2023-05-17 01:04:16.370000+00:00,Agree,30-40 hours,,,,Agree,,,Somewhat satisfied,Fair,Neutral,Neutral,Seldom,Seldom,Seldom,Disgree,5.5,4.0,3.5,3.5,5.5,13,4.583333333333333
usk31,2023-05-22 02:01:56.639000+00:00,Neutral,20-30 hours,,,,Neutral,,,Somewhat satisfied,Fair,Unlikely,Neutral,Seldom,Seldom,Seldom,Neutral,5.5,4.0,3.5,3.5,5.5,13,4.583333333333333
usk31,2023-05-28 07:00:40.628000+00:00,Agree,20-30 hours,,,,Agree,,,Somewhat satisfied,Fair,Neutral,Neutral,Never,Never,Never,Neutral,5.5,4.0,3.5,3.5,5.5,13,4.583333333333333
usk32,2023-04-19 05:53:59.078000+00:00,Agree,>50 hours,,,,Agree,,,Somewhat satisfied,Good,Likely,Neutral,No intervention messages received,No intervention messages received,No intervention messages received,Neutral,3.5,4.5,6.0,5.5,4.0,23,4.416666666666667
usk32,2023-04-29 05:12:30.639000+00:00,Agree,40-50 hours,,,,Agree,,,Somewhat satisfied,Good,Neutral,Neutral,Never,Never,Never,Neutral,3.5,4.5,6.0,5.5,4.0,23,4.416666666666667
usk32,2023-05-07 04:46:08.915000+00:00,Agree,>50 hours,,,,Agree,,,Somewhat satisfied,Good,Neutral,Neutral,Never,Sometimes,Never,Neutral,3.5,4.5,6.0,5.5,4.0,23,4.416666666666667
usk32,2023-05-10 01:04:25.358000+00:00,Agree,>50 hours,,,,Agree,,,Somewhat satisfied,Good,Neutral,Neutral,Seldom,Seldom,Seldom,Neutral,3.5,4.5,6.0,5.5,4.0,23,4.416666666666667
usk33,2023-04-22 07:31:18.733000+00:00,Agree,>50 hours,,,,Neutral,,,Somewhat satisfied,Good,Neutral,Disagree,Never,Never,Never,Neutral,4.5,4.0,5.0,5.5,5.0,26,4.916666666666667
usk33,2023-05-14 11:17:35.561000+00:00,Agree,>50 hours,,,,Agree,,,Somewhat satisfied,Good,Likely,Neutral,Seldom,Never,Never,Neutral,4.5,4.0,5.0,5.5,5.0,26,4.916666666666667
usk34,2023-04-27 02:31:28.523000+00:00,Agree,10-20 hours,,,,Agree,,,Very satisfied,Good,Likely,Agree,Never,Never,Often,Disgree,3.0,5.5,6.0,6.0,3.5,23,3.0833333333333335
usk34,2023-05-03 06:59:28.899000+00:00,Agree,>50 hours,,,,Agree,,,Very satisfied,Excellent,Likely,Agree,Never,Never,Seldom,Disgree,3.0,5.5,6.0,6.0,3.5,23,3.0833333333333335
usk34,2023-05-10 01:04:44.633000+00:00,Agree,>50 hours,,,,Agree,,,Very satisfied,Good,Likely,Agree,Never,Never,Seldom,Disgree,3.0,5.5,6.0,6.0,3.5,23,3.0833333333333335
usk34,2023-05-17 01:27:05.750000+00:00,Agree,>50 hours,,,,Agree,,,Very satisfied,Good,Likely,Agree,Never,Never,Never,Disgree,3.0,5.5,6.0,6.0,3.5,23,3.0833333333333335
usk35,2023-04-29 04:43:55.800000+00:00,Strongly agree,>50 hours,,,,Strongly agree,,,Very satisfied,Good,Neutral,Neutral,Never,Never,Never,Neutral,1.5,7.0,7.0,7.0,5.5,26,4.166666666666667
usk35,2023-05-06 04:03:27.010000+00:00,Agree,>50 hours,,,,Agree,,,Very satisfied,Good,Likely,Agree,Sometimes,Sometimes,Sometimes,Neutral,1.5,7.0,7.0,7.0,5.5,26,4.166666666666667
usk36,2023-04-26 01:05:00.335000+00:00,Strongly agree,>50 hours,,,,Strongly agree,,,Very satisfied,Good,Likely,No intervention messages received,No intervention messages received,No intervention messages received,No intervention messages received,No intervention messages received,2.5,5.0,5.5,4.5,3.5,27,4.166666666666667
usk36,2023-05-03 02:07:08.509000+00:00,Agree,40-50 hours,,,,Agree,,,Somewhat satisfied,Good,Neutral,Disagree,Never,No intervention messages received,Never,Neutral,2.5,5.0,5.5,4.5,3.5,27,4.166666666666667
usk36,2023-05-10 01:09:45.189000+00:00,Neutral,40-50 hours,,,,Neutral,,,Somewhat satisfied,Fair,Likely,Neutral,Sometimes,Often,Sometimes,Agree,2.5,5.0,5.5,4.5,3.5,27,4.166666666666667
usk37,2023-04-26 04:48:55.746000+00:00,Neutral,>50 hours,,,,Neutral,,,Not so satisfied,Fair,Unlikely,Neutral,Never,Never,Never,Disgree,3.0,4.5,5.0,3.5,4.5,23,4.666666666666667
usk37,2023-05-07 09:51:12.168000+00:00,Neutral,10-20 hours,,,,Neutral,,,Not so satisfied,Fair,Unlikely,Disagree,Never,Never,Never,Agree,3.0,4.5,5.0,3.5,4.5,23,4.666666666666667
usk38,2023-04-29 04:40:08.932000+00:00,Strongly agree,40-50 hours,,,,Strongly agree,,,Extremly satisfied,Excellent,Neutral,Disagree,Sometimes,No intervention messages received,Sometimes,Strongly disagree,4.5,4.0,4.5,2.5,6.0,17,4.666666666666667
usk38,2023-05-05 03:07:06.485000+00:00,Strongly agree,40-50 hours,,,,Strongly agree,,,Extremly satisfied,Excellent,Likely,Agree,No intervention messages received,No intervention messages received,Often,Strongly disagree,4.5,4.0,4.5,2.5,6.0,17,4.666666666666667
usk38,2023-05-12 06:25:27.670000+00:00,Strongly agree,40-50 hours,,,,Strongly agree,,,Extremly satisfied,Excellent,Likely,Strongly agree,Always,Often,Always,Strongly disagree,4.5,4.0,4.5,2.5,6.0,17,4.666666666666667
usk38,2023-05-19 01:04:53.539000+00:00,Strongly agree,>50 hours,,,,Strongly agree,,,Extremly satisfied,Excellent,Likely,Strongly agree,Always,Often,Always,Disgree,4.5,4.0,4.5,2.5,6.0,17,4.666666666666667
usk38,2023-05-31 10:08:45.029000+00:00,Strongly agree,>50 hours,,,,Strongly agree,,,Extremly satisfied,Excellent,Likely,Agree,Sometimes,Often,Always,Disgree,4.5,4.0,4.5,2.5,6.0,17,4.666666666666667
usk39,2023-04-29 16:16:01.256000+00:00,Strongly agree,>50 hours,,,,Agree,,,Somewhat satisfied,Good,Unlikely,Disagree,Never,Never,Never,Neutral,1.5,5.0,5.5,4.5,4.5,27,5.0
usk39,2023-05-04 05:21:37.935000+00:00,Agree,>50 hours,,,,Strongly agree,,,Somewhat satisfied,Good,Unlikely,Disagree,Never,Seldom,Never,Neutral,1.5,5.0,5.5,4.5,4.5,27,5.0
usk40,2023-05-05 09:36:20.951000+00:00,Agree,>50 hours,,,,Agree,,,Somewhat satisfied,Good,Neutral,Disagree,Never,Never,Seldom,Agree,2.0,6.0,5.5,6.0,5.0,28,4.333333333333333
usk40,2023-05-12 04:26:16.824000+00:00,Agree,>50 hours,,,,Strongly agree,,,Very satisfied,Good,Likely,Disagree,Never,No intervention messages received,Never,Neutral,2.0,6.0,5.5,6.0,5.0,28,4.333333333333333
usk40,2023-05-17 07:21:44.242000+00:00,Agree,>50 hours,,,,Agree,,,Very satisfied,Good,Neutral,Strongly disagree,Never,Never,Never,Agree,2.0,6.0,5.5,6.0,5.0,28,4.333333333333333
usk41,2023-05-07 05:00:09.692000+00:00,Neutral,40-50 hours,,,,Disgree,,,Somewhat satisfied,Fair,Neutral,Neutral,Never,No intervention messages received,Seldom,Disgree,2.0,4.5,6.5,5.0,3.0,26,3.6666666666666665
usk41,2023-05-13 06:16:35.832000+00:00,Neutral,40-50 hours,,,,Neutral,,,Somewhat satisfied,Fair,Neutral,Neutral,No intervention messages received,No intervention messages received,Seldom,Neutral,2.0,4.5,6.5,5.0,3.0,26,3.6666666666666665
usk41,2023-05-26 07:05:23.605000+00:00,Neutral,40-50 hours,,,,Disgree,,,Not so satisfied,Fair,Neutral,Neutral,Never,Never,Seldom,Agree,2.0,4.5,6.5,5.0,3.0,26,3.6666666666666665
usk41,2023-06-02 07:04:58.393000+00:00,Neutral,40-50 hours,,,,Neutral,,,Not so satisfied,Fair,Neutral,Disagree,Never,Never,Seldom,Agree,2.0,4.5,6.5,5.0,3.0,26,3.6666666666666665
usk42,2023-05-05 01:07:40.802000+00:00,Strongly agree,>50 hours,,,,Strongly agree,,,Extremly satisfied,Excellent,Extremely likely,Agree,Sometimes,Seldom,Sometimes,Strongly disagree,5.5,5.5,6.0,6.0,5.0,26,4.833333333333333
usk42,2023-05-13 04:52:06.186000+00:00,Strongly agree,40-50 hours,,,,Strongly agree,,,Extremly satisfied,Excellent,Extremely likely,Agree,Often,Sometimes,Often,Strongly disagree,5.5,5.5,6.0,6.0,5.0,26,4.833333333333333
usk42,2023-05-19 01:23:09.450000+00:00,Strongly agree,>50 hours,,,,Strongly agree,,,Extremly satisfied,Excellent,Extremely likely,Agree,Sometimes,Often,Often,Strongly disagree,5.5,5.5,6.0,6.0,5.0,26,4.833333333333333
usk42,2023-05-21 09:01:20.217000+00:00,Strongly agree,>50 hours,,,,Strongly agree,,,Extremly satisfied,Excellent,Extremely likely,Neutral,Sometimes,Sometimes,Sometimes,Strongly disagree,5.5,5.5,6.0,6.0,5.0,26,4.833333333333333
usk42,2023-05-28 01:55:33.494000+00:00,Strongly agree,>50 hours,,,,Strongly agree,,,Extremly satisfied,Excellent,Extremely likely,Agree,Sometimes,Often,Seldom,Strongly disagree,5.5,5.5,6.0,6.0,5.0,26,4.833333333333333
usk42,2023-05-31 01:04:12.377000+00:00,Strongly agree,>50 hours,,,,Strongly agree,,,Extremly satisfied,Excellent,Extremely likely,Agree,Sometimes,Often,Sometimes,Strongly disagree,5.5,5.5,6.0,6.0,5.0,26,4.833333333333333
usk42,2023-06-08 23:51:06.323000+00:00,Strongly agree,>50 hours,,,,Strongly agree,,,Extremly satisfied,Excellent,Extremely likely,Strongly agree,Sometimes,Often,Seldom,Strongly disagree,5.5,5.5,6.0,6.0,5.0,26,4.833333333333333
usk43,2023-05-07 04:52:25.223000+00:00,Agree,>50 hours,,,,Neutral,,,Somewhat satisfied,Good,Likely,Neutral,Never,Never,Sometimes,Neutral,4.0,4.5,3.5,5.0,5.5,18,4.833333333333333
usk43,2023-05-10 01:12:45.868000+00:00,Agree,40-50 hours,,,,Agree,,,Very satisfied,Good,Likely,Agree,Never,Sometimes,Never,Strongly disagree,4.0,4.5,3.5,5.0,5.5,18,4.833333333333333
usk43,2023-05-17 01:38:59.383000+00:00,Agree,40-50 hours,,,,Agree,,,Very satisfied,Good,Likely,Agree,Never,Seldom,Never,Neutral,4.0,4.5,3.5,5.0,5.5,18,4.833333333333333
usk43,2023-05-21 04:15:12.518000+00:00,Agree,40-50 hours,,,,Agree,,,Very satisfied,Good,Likely,Agree,Never,Sometimes,Never,Neutral,4.0,4.5,3.5,5.0,5.5,18,4.833333333333333
usk43,2023-06-02 01:04:18.893000+00:00,Agree,40-50 hours,,,,Agree,,,Very satisfied,Good,Likely,Agree,Never,Never,Never,Strongly disagree,4.0,4.5,3.5,5.0,5.5,18,4.833333333333333
usk44,2023-05-07 05:17:34.536000+00:00,Agree,>50 hours,,,,Agree,,,Somewhat satisfied,Good,Neutral,Disagree,Seldom,Seldom,Seldom,Disgree,4.0,6.5,5.5,4.5,5.0,27,4.75
usk44,2023-05-13 05:15:46.843000+00:00,Agree,>50 hours,,,,Agree,,,Somewhat satisfied,Good,Unlikely,Disagree,Never,Seldom,Seldom,Disgree,4.0,6.5,5.5,4.5,5.0,27,4.75
usk44,2023-05-19 03:01:16.484000+00:00,Neutral,>50 hours,,,,Agree,,,Not so satisfied,Fair,Unlikely,Strongly disagree,Never,Never,Never,Neutral,4.0,6.5,5.5,4.5,5.0,27,4.75
usk44,2023-05-21 03:47:02.318000+00:00,Neutral,>50 hours,,,,Agree,,,Not so satisfied,Fair,Unlikely,Disagree,Never,Never,Never,Neutral,4.0,6.5,5.5,4.5,5.0,27,4.75
usk44,2023-05-28 07:01:30.948000+00:00,Neutral,>50 hours,,,,Neutral,,,Not so satisfied,Fair,Unlikely,Disagree,Never,Seldom,Never,Neutral,4.0,6.5,5.5,4.5,5.0,27,4.75
usk45,2023-05-07 04:52:19.601000+00:00,Strongly agree,20-30 hours,,,,Agree,,,Extremly satisfied,Excellent,Extremely likely,Agree,Sometimes,Often,Never,Strongly disagree,4.0,4.0,6.0,3.0,4.5,26,4.333333333333333
usk45,2023-05-13 13:00:37.344000+00:00,Strongly agree,10-20 hours,,,,Strongly agree,,,Extremly satisfied,Excellent,Extremely likely,Agree,Often,Often,Often,Strongly disagree,4.0,4.0,6.0,3.0,4.5,26,4.333333333333333
usk45,2023-05-21 11:36:21.558000+00:00,Strongly agree,20-30 hours,,,,Strongly agree,,,Extremly satisfied,Excellent,Extremely likely,Strongly agree,Often,Always,Always,Strongly disagree,4.0,4.0,6.0,3.0,4.5,26,4.333333333333333
usk45,2023-05-28 01:19:49.372000+00:00,Strongly agree,10-20 hours,,,,Strongly agree,,,Extremly satisfied,Excellent,Extremely likely,Strongly agree,Often,Often,Often,Strongly disagree,4.0,4.0,6.0,3.0,4.5,26,4.333333333333333
usk45,2023-06-01 02:43:30.691000+00:00,Agree,10-20 hours,,,,Strongly agree,,,Extremly satisfied,Excellent,Extremely likely,Agree,Sometimes,Sometimes,Sometimes,Strongly disagree,4.0,4.0,6.0,3.0,4.5,26,4.333333333333333
usk46,2023-05-07 17:01:28.385000+00:00,Neutral,10-20 hours,,,,Neutral,,,Somewhat satisfied,Good,Neutral,Agree,Seldom,Sometimes,Sometimes,Disgree,3.0,4.5,4.5,4.5,6.0,22,3.6666666666666665
usk46,2023-05-10 01:04:46.883000+00:00,Neutral,20-30 hours,,,,Agree,,,Very satisfied,Good,Neutral,Agree,Sometimes,Sometimes,Sometimes,Neutral,3.0,4.5,4.5,4.5,6.0,22,3.6666666666666665
usk46,2023-05-15 04:00:26.229000+00:00,Neutral,20-30 hours,,,,Neutral,,,Somewhat satisfied,Good,Likely,Agree,Sometimes,Sometimes,Sometimes,Neutral,3.0,4.5,4.5,4.5,6.0,22,3.6666666666666665
usk46,2023-05-19 01:00:32.008000+00:00,Neutral,20-30 hours,,,,Neutral,,,Somewhat satisfied,Fair,Neutral,Neutral,Sometimes,Sometimes,Sometimes,Neutral,3.0,4.5,4.5,4.5,6.0,22,3.6666666666666665
usk46,2023-05-22 04:23:25.694000+00:00,Neutral,20-30 hours,,,,Neutral,,,Somewhat satisfied,Fair,Neutral,Agree,Sometimes,Sometimes,Sometimes,Neutral,3.0,4.5,4.5,4.5,6.0,22,3.6666666666666665
usk46,2023-05-29 04:30:01.921000+00:00,Agree,20-30 hours,,,,Agree,,,Very satisfied,Good,Likely,Agree,Often,Often,Often,Agree,3.0,4.5,4.5,4.5,6.0,22,3.6666666666666665
usk46,2023-06-05 10:00:24.889000+00:00,Agree,10-20 hours,,,,Agree,,,Very satisfied,Good,Likely,Agree,Often,Often,Often,Agree,3.0,4.5,4.5,4.5,6.0,22,3.6666666666666665
usk46,2023-06-20 14:58:11.325000+00:00,Agree,10-20 hours,,,,Agree,,,Very satisfied,Good,Likely,Agree,Often,Often,Often,Agree,3.0,4.5,4.5,4.5,6.0,22,3.6666666666666665
usk46,2023-06-23 00:42:33.393000+00:00,Agree,10-20 hours,,,,Agree,,,Very satisfied,Good,Likely,Agree,Often,Often,Often,Agree,3.0,4.5,4.5,4.5,6.0,22,3.6666666666666665
usk47,2023-05-13 13:01:33.344000+00:00,Agree,20-30 hours,,,,Agree,,,Very satisfied,Good,Likely,Neutral,Never,Often,Sometimes,Neutral,3.0,5.5,4.5,4.0,4.5,15,4.583333333333333
usk47,2023-05-20 18:01:25.843000+00:00,Strongly agree,10-20 hours,,,,Agree,,,Extremly satisfied,Excellent,Likely,Agree,Never,Never,Seldom,Disgree,3.0,5.5,4.5,4.0,4.5,15,4.583333333333333
usk47,2023-05-27 04:49:06.808000+00:00,Agree,10-20 hours,,,,Agree,,,Somewhat satisfied,Good,Likely,Agree,Seldom,Sometimes,Seldom,Neutral,3.0,5.5,4.5,4.0,4.5,15,4.583333333333333
usk48,2023-05-03 08:31:42.612000+00:00,Agree,20-30 hours,,,,Agree,,,Somewhat satisfied,Good,Unlikely,Agree,Seldom,Never,Seldom,Disgree,5.5,4.5,5.5,5.0,6.0,22,4.25
usk48,2023-05-13 14:40:41.140000+00:00,Strongly agree,30-40 hours,,,,Agree,,,Somewhat satisfied,Good,Unlikely,Neutral,Never,Never,Never,Disgree,5.5,4.5,5.5,5.0,6.0,22,4.25
usk48,2023-05-21 12:23:11.961000+00:00,Agree,30-40 hours,,,,Agree,,,Somewhat satisfied,Excellent,Unlikely,Agree,Never,Seldom,Never,Neutral,5.5,4.5,5.5,5.0,6.0,22,4.25
usk49,2023-05-07 10:41:54.913000+00:00,Strongly agree,>50 hours,,,,Agree,,,Somewhat satisfied,Fair,Neutral,Agree,No intervention messages received,Never,Sometimes,Disgree,4.0,7.0,6.0,6.5,6.0,29,4.416666666666667
usk49,2023-05-13 09:40:23.289000+00:00,Strongly agree,40-50 hours,,,,Agree,,,Somewhat satisfied,Fair,Neutral,Agree,Sometimes,No intervention messages received,Sometimes,Strongly disagree,4.0,7.0,6.0,6.5,6.0,29,4.416666666666667
usk49,2023-05-20 11:03:11.478000+00:00,Agree,>50 hours,,,,Agree,,,Somewhat satisfied,Fair,Neutral,Agree,No intervention messages received,No intervention messages received,Sometimes,Disgree,4.0,7.0,6.0,6.5,6.0,29,4.416666666666667
usk50,2023-05-07 05:19:26.297000+00:00,Agree,30-40 hours,,,,Neutral,,,Somewhat satisfied,Fair,Neutral,Strongly disagree,Never,Never,Never,Agree,4.0,4.0,4.5,3.0,4.5,15,3.75
usk50,2023-05-13 10:53:40.121000+00:00,Agree,10-20 hours,,,,Neutral,,,Somewhat satisfied,Fair,Neutral,Disagree,Never,Never,Never,Neutral,4.0,4.0,4.5,3.0,4.5,15,3.75
usk51,2023-05-07 08:09:49.322000+00:00,Agree,40-50 hours,,,,Agree,,,Somewhat satisfied,Fair,Neutral,Agree,Seldom,Sometimes,Sometimes,Agree,6.0,5.0,5.0,3.5,5.5,29,4.25
usk51,2023-05-15 08:25:04.497000+00:00,Agree,30-40 hours,,,,Agree,,,Somewhat satisfied,Fair,Neutral,Agree,Sometimes,Seldom,Sometimes,Neutral,6.0,5.0,5.0,3.5,5.5,29,4.25
usk51,2023-06-19 11:37:48.339000+00:00,Agree,30-40 hours,,,,Agree,,,Somewhat satisfied,Fair,Neutral,Neutral,Sometimes,Seldom,Seldom,Neutral,6.0,5.0,5.0,3.5,5.5,29,4.25
usk52,2023-05-07 06:40:13.589000+00:00,Agree,10-20 hours,,,,Agree,,,Somewhat satisfied,Good,Neutral,Neutral,Sometimes,Never,Sometimes,Disgree,6.5,7.0,7.0,6.0,6.5,35,4.666666666666667
usk52,2023-05-18 07:56:03.299000+00:00,Strongly agree,10-20 hours,,,,Strongly agree,,,Very satisfied,Good,Likely,Agree,Never,Never,Seldom,Strongly disagree,6.5,7.0,7.0,6.0,6.5,35,4.666666666666667
usk53,2023-05-10 05:13:45.784000+00:00,Strongly agree,40-50 hours,,,,Agree,,,Very satisfied,Good,Neutral,Disagree,Never,Never,Seldom,Disgree,3.0,2.5,6.5,2.0,4.0,20,4.083333333333333
usk53,2023-05-24 02:51:29.790000+00:00,Agree,40-50 hours,,,,Neutral,,,Somewhat satisfied,Fair,Neutral,Neutral,Never,Never,Never,Neutral,3.0,2.5,6.5,2.0,4.0,20,4.083333333333333
usk53,2023-05-31 01:07:44.292000+00:00,Agree,40-50 hours,,,,Agree,,,Very satisfied,Good,Likely,Neutral,Seldom,Never,Seldom,Disgree,3.0,2.5,6.5,2.0,4.0,20,4.083333333333333
usk54,2023-05-13 13:51:46.011000+00:00,Agree,10-20 hours,,,,Agree,,,Somewhat satisfied,Good,Neutral,Strongly disagree,Never,Never,Never,Neutral,6.0,4.0,6.0,5.5,5.5,16,3.6666666666666665
usk54,2023-05-21 02:55:51.487000+00:00,Agree,10-20 hours,,,,Agree,,,Somewhat satisfied,Good,Neutral,Disagree,Never,Seldom,Never,Neutral,6.0,4.0,6.0,5.5,5.5,16,3.6666666666666665
usk54,2023-05-26 16:22:59.740000+00:00,Agree,10-20 hours,,,,Agree,,,Somewhat satisfied,Good,Neutral,Strongly disagree,Never,Never,Never,Neutral,6.0,4.0,6.0,5.5,5.5,16,3.6666666666666665
usk54,2023-06-01 11:32:16.919000+00:00,Agree,10-20 hours,,,,Agree,,,Somewhat satisfied,Good,Neutral,Disagree,Never,Never,Never,Agree,6.0,4.0,6.0,5.5,5.5,16,3.6666666666666665
usk55,2023-05-21 08:17:53.989000+00:00,Agree,>50 hours,,,,Agree,,,Somewhat satisfied,Fair,Neutral,Neutral,Never,Seldom,Seldom,Neutral,3.0,5.5,6.5,3.0,6.5,13,4.75
usk55,2023-05-26 11:09:39.204000+00:00,Agree,40-50 hours,,,,Neutral,,,Not so satisfied,Poor,Unlikely,Disagree,Seldom,Never,Never,Neutral,3.0,5.5,6.5,3.0,6.5,13,4.75
usk55,2023-06-09 16:18:34.998000+00:00,Agree,30-40 hours,,,,Neutral,,,Not so satisfied,Poor,Unlikely,Disagree,Never,Seldom,Never,Neutral,3.0,5.5,6.5,3.0,6.5,13,4.75
usk56,2023-05-21 04:53:13.177000+00:00,Strongly agree,10-20 hours,,,,Agree,,,Very satisfied,Excellent,Likely,Neutral,Sometimes,No intervention messages received,Seldom,Neutral,5.0,4.5,4.5,5.5,5.0,23,4.416666666666667
usk56,2023-05-24 01:04:41.697000+00:00,Strongly agree,10-20 hours,,,,Strongly agree,,,Very satisfied,Excellent,Likely,Agree,Seldom,Seldom,Seldom,Neutral,5.0,4.5,4.5,5.5,5.0,23,4.416666666666667
usk56,2023-05-31 01:04:39.258000+00:00,Strongly agree,<10 hours,,,,Strongly agree,,,Very satisfied,Good,Likely,Agree,Often,Seldom,Sometimes,Agree,5.0,4.5,4.5,5.5,5.0,23,4.416666666666667
usk56,2023-06-07 04:13:21.181000+00:00,Strongly agree,10-20 hours,,,,Agree,,,Very satisfied,Excellent,Likely,Neutral,Sometimes,No intervention messages received,Seldom,Neutral,5.0,4.5,4.5,5.5,5.0,23,4.416666666666667
